,0,1,2,3,4,5,6,7,8,9
0,...(((((((........)))).)))(.(((.(((((..............((((.......))))...............))))).))).)........,-40,-80,1,0.045454545454545456,0.14285714285714285,0.19047619047619047,0,0.0,<-- taken
1,...(((((((........)))).)))..(((.(((((..(...........((((.......)))).............).))))).)))..........,-27,-92,1,0.4090909090909091,0.19047619047619047,0.19047619047619047,0,0.2,
2,...(((((((........)))).)))(.(((.(((((..(............(((.......)))..............).))))).))).)........,-52,-66,0,0.09090909090909091,0.19047619047619047,0.19047619047619047,1,0.32222222222222224,
3,...(((((((........)))).)))(.(((.(((((..(...........(((.........))).............).))))).))).)........,-55,-63,0,0.22727272727272727,0.19047619047619047,0.19047619047619047,1,0.3888888888888889,
4,...((((((..........))).)))(.(((.(((((..(...........((((.......)))).............).))))).))).)........,-10,-19,0,0.45454545454545453,0.19047619047619047,0.19047619047619047,1,0.45555555555555555,
5,...(((((((........)))).)))(.(((.((((...(...........((((.......)))).............)..)))).))).)........,-37,-82,1,0.045454545454545456,0.2857142857142857,0.19047619047619047,1,0.5111111111111111,
6,....((((((........)))).)).(.(((.(((((..(...........((((.......)))).............).))))).))).)........,-4,-26,0,0.7272727272727273,0.19047619047619047,0.19047619047619047,1,0.5888888888888889,
7,...((.((((........))))..))(.(((.(((((..(...........((((.......)))).............).))))).))).)........,-6,-24,0,0.6363636363636364,0.2857142857142857,0.19047619047619047,1,0.5888888888888889,
8,...(((((((........)))).)))(..((.(((((..(...........((((.......)))).............).))))).))..)........,-29,-90,1,0.36363636363636365,0.23809523809523808,0.19047619047619047,1,0.6111111111111112,
9,...(((.(((........)))..)))(.(((.(((((..(...........((((.......)))).............).))))).))).)........,-7,-22,0,0.5909090909090909,0.3333333333333333,0.19047619047619047,1,0.6333333333333333,
10,...(((((((........)))).)))(.(((.((.((..(...........((((.......)))).............).)).)).))).)........,-35,-84,1,0.13636363636363635,0.2857142857142857,0.19047619047619047,0,0.6777777777777778,
11,...(((((((........)))).)))(.(((.(((.(..(...........((((.......)))).............).).))).))).)........,-36,-83,1,0.09090909090909091,0.2857142857142857,0.19047619047619047,0,0.6777777777777778,
12,...(((((.(........).)).)))(.(((.(((((..(...........((((.......)))).............).))))).))).)........,-9,-20,0,0.5,0.23809523809523808,0.19047619047619047,0,0.7222222222222223,
13,...(((((((........)))).)))(.(((.(((((..(...........(.((.......)).).............).))))).))).)........,-53,-65,0,0.13636363636363635,0.19047619047619047,0.19047619047619047,0,0.7222222222222223,
14,...(.(((((........)))).).)(.(((.(((((..(...........((((.......)))).............).))))).))).)........,-5,-25,0,0.6818181818181818,0.23809523809523808,0.19047619047619047,0,0.7333333333333334,
15,...(((((((........)))).)))(.((..(((((..(...........((((.......)))).............).)))))..)).)........,-31,-88,0,0.2727272727272727,0.3333333333333333,0.19047619047619047,1,0.7333333333333334,
16,...(((((((........)))).)))(.(((..((((..(...........((((.......)))).............).))))..))).)........,-33,-86,1,0.22727272727272727,0.38095238095238093,0.19047619047619047,1,0.7666666666666666,
17,...(((((((........)))).)))(.(((.(((((..(...........((.(.......).)).............).))))).))).)........,-54,-64,0,0.18181818181818182,0.19047619047619047,0.19047619047619047,0,0.9111111111111112,
18,...(((((((........)))).)))(.(((.(.(((..(...........((((.......)))).............).))).).))).)........,-34,-85,0,0.18181818181818182,0.3333333333333333,0.19047619047619047,0,0.9333333333333333,
19,...((((.((........)).).)))(.(((.(((((..(...........((((.......)))).............).))))).))).)........,-8,-21,0,0.5454545454545454,0.2857142857142857,0.19047619047619047,0,0.9666666666666668,
20,...(((((((........)))).)))(.(.(.(((((..(...........((((.......)))).............).))))).).).)........,-30,-89,0,0.3181818181818182,0.2857142857142857,0.19047619047619047,0,1.0,
21,...(((((((........)))).)))..(((.(((((..............((((.......))))...............))))).)))..........,-27,-92,1,0.391304347826087,0.18181818181818182,0.09090909090909091,0,0.0,
22,...(((((((........)))).)))(.(((.(((((...............(((.......)))................))))).))).)........,-52,-66,0,0.043478260869565216,0.18181818181818182,0.09090909090909091,1,0.15694444444444444,
23,...(((((((........)))).)))(.(((.(((((..............(((.........)))...............))))).))).)........,-55,-63,0,0.17391304347826086,0.18181818181818182,0.09090909090909091,1,0.23611111111111113,
24,...(((((((........)))).)))(.(((.((((...............((((.......))))................)))).))).)........,-37,-82,1,0.043478260869565216,0.22727272727272727,0.09090909090909091,1,0.30972222222222223,
25,...((((((..........))).)))(.(((.(((((..............((((.......))))...............))))).))).)........,-10,-19,0,0.43478260869565216,0.18181818181818182,0.09090909090909091,1,0.3194444444444445,
26,...(((((((........)))).)))(.(((.(((((..............((((.......))))........(....).))))).))).)........,75,80,1,0.2608695652173913,0.09090909090909091,0.09090909090909091,0,0.47222222222222227,<-- taken
27,....((((((........)))).)).(.(((.(((((..............((((.......))))...............))))).))).)........,-4,-26,0,0.6956521739130435,0.18181818181818182,0.09090909090909091,1,0.4861111111111111,
28,...((.((((........))))..))(.(((.(((((..............((((.......))))...............))))).))).)........,-6,-24,0,0.6086956521739131,0.2727272727272727,0.09090909090909091,1,0.4861111111111111,
29,...(((((((........)))).)))(..((.(((((..............((((.......))))...............))))).))..)........,-29,-90,1,0.34782608695652173,0.22727272727272727,0.09090909090909091,1,0.513888888888889,
30,...(((((((........)))).)))(.(((.(((((..............((((.......)))).......(......)))))).))).)........,74,81,1,0.21739130434782608,0.09090909090909091,0.09090909090909091,0,0.513888888888889,
31,...(((.(((........)))..)))(.(((.(((((..............((((.......))))...............))))).))).)........,-7,-22,0,0.5652173913043478,0.3181818181818182,0.09090909090909091,1,0.5416666666666667,
32,...(((((((........)))).)))(.(((.((.((..............((((.......))))...............)).)).))).)........,-35,-84,1,0.13043478260869565,0.2727272727272727,0.09090909090909091,0,0.5972222222222222,
33,...(((((((........)))).)))(.(((.(((.(..............((((.......))))...............).))).))).)........,-36,-83,1,0.08695652173913043,0.22727272727272727,0.09090909090909091,0,0.5972222222222222,
34,...(((((.(........).)).)))(.(((.(((((..............((((.......))))...............))))).))).)........,-9,-20,0,0.4782608695652174,0.22727272727272727,0.09090909090909091,0,0.6527777777777778,
35,...(((((((........)))).)))(.(((.(((((..............(.((.......)).)...............))))).))).)........,-53,-65,0,0.08695652173913043,0.18181818181818182,0.09090909090909091,0,0.6527777777777778,
36,...(.(((((........)))).).)(.(((.(((((..............((((.......))))...............))))).))).)........,-5,-25,0,0.6521739130434783,0.22727272727272727,0.09090909090909091,0,0.6666666666666667,
37,...(((((((........)))).)))(.((..(((((..............((((.......))))...............)))))..)).)........,-31,-88,0,0.2608695652173913,0.3181818181818182,0.09090909090909091,1,0.6666666666666667,
38,...(((((((........)))).)))(.(((..((((..............((((.......))))...............))))..))).)........,-33,-86,1,0.21739130434782608,0.36363636363636365,0.09090909090909091,1,0.7083333333333334,
39,...(((((((........)))).)))(.(((.(((((..............((.(.......).))...............))))).))).)........,-54,-64,0,0.13043478260869565,0.18181818181818182,0.09090909090909091,0,0.888888888888889,
40,...(((((((........)))).)))(.(((.(.(((..............((((.......))))...............))).).))).)........,-34,-85,0,0.17391304347826086,0.3181818181818182,0.09090909090909091,0,0.9166666666666667,
41,...((((.((........)).).)))(.(((.(((((..............((((.......))))...............))))).))).)........,-8,-21,0,0.5217391304347826,0.2727272727272727,0.09090909090909091,0,0.9583333333333334,
42,...(((((((........)))).)))(.(.(.(((((..............((((.......))))...............))))).).).)........,-30,-89,0,0.30434782608695654,0.2727272727272727,0.09090909090909091,0,1.0,
43,...(((((((........)))).)))(.(((.(((((..............((((.......)))).......((....))))))).))).)........,74,81,1,0.045454545454545456,0.047619047619047616,0.047619047619047616,1,0.0,<-- taken
44,...(((((((........)))).)))..(((.(((((..............((((.......))))........(....).))))).)))..........,-27,-92,1,0.6363636363636364,0.19047619047619047,0.047619047619047616,0,0.3142857142857143,
45,...(((((((........)))).)))(.(((.(((((...............(((.......))).........(....).))))).))).)........,-52,-66,0,0.22727272727272727,0.19047619047619047,0.047619047619047616,1,0.4380952380952381,
46,...(((((((........)))).)))(.(((.(((((..............(((.........)))........(....).))))).))).)........,-55,-63,0,0.09090909090909091,0.19047619047619047,0.047619047619047616,1,0.47619047619047616,
47,...(((((((........)))).)))(.(((.((((...............((((.......))))........(....)..)))).))).)........,-37,-82,1,0.2727272727272727,0.23809523809523808,0.047619047619047616,1,0.49523809523809526,
48,...((((((..........))).)))(.(((.(((((..............((((.......))))........(....).))))).))).)........,-10,-19,0,0.6818181818181818,0.19047619047619047,0.047619047619047616,1,0.5333333333333333,
49,....((((((........)))).)).(.(((.(((((..............((((.......))))........(....).))))).))).)........,-4,-26,0,0.9545454545454546,0.19047619047619047,0.047619047619047616,1,0.6476190476190475,
50,...((.((((........))))..))(.(((.(((((..............((((.......))))........(....).))))).))).)........,-6,-24,0,0.8636363636363636,0.2857142857142857,0.047619047619047616,1,0.6476190476190475,
51,...(((((((........)))).)))(..((.(((((..............((((.......))))........(....).))))).))..)........,-29,-90,1,0.5909090909090909,0.23809523809523808,0.047619047619047616,1,0.6666666666666667,
52,...(((.(((........)))..)))(.(((.(((((..............((((.......))))........(....).))))).))).)........,-7,-22,0,0.8181818181818182,0.3333333333333333,0.047619047619047616,1,0.6857142857142857,
53,...(((((((........)))).)))(.(((.((.((..............((((.......))))........(....).)).)).))).)........,-35,-84,1,0.36363636363636365,0.2857142857142857,0.047619047619047616,0,0.7238095238095238,
54,...(((((((........)))).)))(.(((.(((.(..............((((.......))))........(....).).))).))).)........,-36,-83,1,0.3181818181818182,0.23809523809523808,0.047619047619047616,0,0.7238095238095238,
55,...(((((.(........).)).)))(.(((.(((((..............((((.......))))........(....).))))).))).)........,-9,-20,0,0.7272727272727273,0.23809523809523808,0.047619047619047616,0,0.7619047619047619,
56,...(((((((........)))).)))(.(((.(((((..............(.((.......)).)........(....).))))).))).)........,-53,-65,0,0.18181818181818182,0.19047619047619047,0.047619047619047616,0,0.7619047619047619,
57,...(.(((((........)))).).)(.(((.(((((..............((((.......))))........(....).))))).))).)........,-5,-25,0,0.9090909090909091,0.23809523809523808,0.047619047619047616,0,0.7714285714285714,
58,...(((((((........)))).)))(.((..(((((..............((((.......))))........(....).)))))..)).)........,-31,-88,0,0.5,0.3333333333333333,0.047619047619047616,1,0.7714285714285714,
59,...(((((((........)))).)))(.(((..((((..............((((.......))))........(....).))))..))).)........,-33,-86,1,0.45454545454545453,0.38095238095238093,0.047619047619047616,1,0.8,
60,...(((((((........)))).)))(.(((.(((((..............((.(.......).))........(....).))))).))).)........,-54,-64,0,0.13636363636363635,0.19047619047619047,0.047619047619047616,0,0.9238095238095239,
61,...(((((((........)))).)))(.(((.(.(((..............((((.......))))........(....).))).).))).)........,-34,-85,0,0.4090909090909091,0.3333333333333333,0.047619047619047616,0,0.9428571428571428,
62,...((((.((........)).).)))(.(((.(((((..............((((.......))))........(....).))))).))).)........,-8,-21,0,0.7727272727272727,0.2857142857142857,0.047619047619047616,0,0.9714285714285714,
63,...(((((((........)))).)))(.(.(.(((((..............((((.......))))........(....).))))).).).)........,-30,-89,0,0.5454545454545454,0.2857142857142857,0.047619047619047616,0,1.0,
64,...(((((((........)))).)))..(((.(((((..............((((.......)))).......((....))))))).)))..........,-27,-92,1,0.6190476190476191,0.2,0.0,0,0.0,
65,...(((((((........)))).)))(.(((.(((((...............(((.......)))........((....))))))).))).)........,-52,-66,0,0.19047619047619047,0.2,0.0,1,0.18055555555555555,
66,...(((((((........)))).)))(.(((.(((((..............(((.........))).......((....))))))).))).)........,-55,-63,0,0.047619047619047616,0.2,0.0,1,0.23611111111111113,
67,...(((((((........)))).)))(.(((.((((...............((((.......)))).......((....)).)))).))).)........,-37,-82,1,0.23809523809523808,0.25,0.0,1,0.2638888888888889,<-- taken
68,...((((((..........))).)))(.(((.(((((..............((((.......)))).......((....))))))).))).)........,-10,-19,0,0.6666666666666666,0.2,0.0,1,0.3194444444444445,
69,....((((((........)))).)).(.(((.(((((..............((((.......)))).......((....))))))).))).)........,-4,-26,0,0.9523809523809523,0.2,0.0,1,0.4861111111111111,
70,...((.((((........))))..))(.(((.(((((..............((((.......)))).......((....))))))).))).)........,-6,-24,0,0.8571428571428571,0.3,0.0,1,0.4861111111111111,
71,...(((((((........)))).)))(..((.(((((..............((((.......)))).......((....))))))).))..)........,-29,-90,1,0.5714285714285714,0.25,0.0,1,0.513888888888889,
72,...(((.(((........)))..)))(.(((.(((((..............((((.......)))).......((....))))))).))).)........,-7,-22,0,0.8095238095238095,0.35,0.0,1,0.5416666666666667,
73,...(((((((........)))).)))(.(((.((.((..............((((.......)))).......((....)))).)).))).)........,-35,-84,1,0.3333333333333333,0.3,0.0,0,0.5972222222222222,
74,...(((((((........)))).)))(.(((.(((.(..............((((.......)))).......((....))).))).))).)........,-36,-83,1,0.2857142857142857,0.25,0.0,0,0.5972222222222222,
75,...(((((.(........).)).)))(.(((.(((((..............((((.......)))).......((....))))))).))).)........,-9,-20,0,0.7142857142857143,0.25,0.0,0,0.6527777777777778,
76,...(((((((........)))).)))(.(((.(((((..............(.((.......)).).......((....))))))).))).)........,-53,-65,0,0.14285714285714285,0.2,0.0,0,0.6527777777777778,
77,...(.(((((........)))).).)(.(((.(((((..............((((.......)))).......((....))))))).))).)........,-5,-25,0,0.9047619047619048,0.25,0.0,0,0.6666666666666667,
78,...(((((((........)))).)))(.((..(((((..............((((.......)))).......((....)))))))..)).)........,-31,-88,0,0.47619047619047616,0.35,0.0,1,0.6666666666666667,
79,...(((((((........)))).)))(.(((..((((..............((((.......)))).......((....))))))..))).)........,-33,-86,1,0.42857142857142855,0.4,0.0,1,0.7083333333333334,
80,...(((((((........)))).)))(.(((.(((((..............((.(.......).)).......((....))))))).))).)........,-54,-64,0,0.09523809523809523,0.2,0.0,0,0.888888888888889,
81,...(((((((........)))).)))(.(((.(.(((..............((((.......)))).......((....))))).).))).)........,-34,-85,1,0.38095238095238093,0.35,0.0,0,0.9166666666666667,
82,...((((.((........)).).)))(.(((.(((((..............((((.......)))).......((....))))))).))).)........,-8,-21,0,0.7619047619047619,0.3,0.0,0,0.9583333333333334,
83,...(((((((........)))).)))(.(.(.(((((..............((((.......)))).......((....))))))).).).)........,-30,-89,0,0.5238095238095238,0.3,0.0,0,1.0,
84,...(((((((........)))).)))(.(((.((((...............((((.......))))......(((....))))))).))).)........,73,82,1,0.23809523809523808,0.05,0.2,1,0.0,<-- taken
85,...(((((((........)))).)))..(((.((((...............((((.......)))).......((....)).)))).)))..........,-27,-92,1,0.38095238095238093,0.2,0.2,0,0.2871287128712871,
86,...(((((((........)))).)))(.(((.(((................((((.......)))).......((....))..))).))).)........,-36,-83,1,0.047619047619047616,0.2,0.2,1,0.36633663366336633,
87,...(((((((........)))).)))(.(((.((((................(((.......)))........((....)).)))).))).)........,-52,-66,0,0.047619047619047616,0.2,0.2,1,0.4158415841584158,
88,...(((((((........)))).)))(.(((.((((...............(((.........))).......((....)).)))).))).)........,-55,-63,0,0.19047619047619047,0.2,0.2,1,0.4554455445544554,
89,...((((((..........))).)))(.(((.((((...............((((.......)))).......((....)).)))).))).)........,-10,-19,0,0.42857142857142855,0.2,0.2,1,0.5148514851485149,
90,....((((((........)))).)).(.(((.((((...............((((.......)))).......((....)).)))).))).)........,-4,-26,0,0.7142857142857143,0.2,0.2,1,0.6336633663366337,
91,...((.((((........))))..))(.(((.((((...............((((.......)))).......((....)).)))).))).)........,-6,-24,0,0.6190476190476191,0.3,0.2,1,0.6336633663366337,
92,...(((((((........)))).)))(..((.((((...............((((.......)))).......((....)).)))).))..)........,-29,-90,1,0.3333333333333333,0.25,0.2,1,0.6534653465346534,
93,...(((.(((........)))..)))(.(((.((((...............((((.......)))).......((....)).)))).))).)........,-7,-22,0,0.5714285714285714,0.35,0.2,1,0.6732673267326732,
94,...(((((((........)))).)))(.(((.((.(...............((((.......)))).......((....)).).)).))).)........,-35,-84,1,0.09523809523809523,0.25,0.2,0,0.7128712871287128,
95,...(((((.(........).)).)))(.(((.((((...............((((.......)))).......((....)).)))).))).)........,-9,-20,0,0.47619047619047616,0.25,0.2,0,0.7524752475247525,
96,...(((((((........)))).)))(.(((.((((...............(.((.......)).).......((....)).)))).))).)........,-53,-65,0,0.09523809523809523,0.2,0.2,0,0.7524752475247525,
97,...(.(((((........)))).).)(.(((.((((...............((((.......)))).......((....)).)))).))).)........,-5,-25,0,0.6666666666666666,0.25,0.2,0,0.7623762376237624,
98,...(((((((........)))).)))(.((..((((...............((((.......)))).......((....)).))))..)).)........,-31,-88,0,0.23809523809523808,0.35,0.2,1,0.7623762376237624,
99,...(((((((........)))).)))(.(((..(((...............((((.......)))).......((....)).)))..))).)........,-33,-86,1,0.19047619047619047,0.35,0.2,1,0.7920792079207921,
100,...(((((((........)))).)))(.(((.((((...............((.(.......).)).......((....)).)))).))).)........,-54,-64,0,0.14285714285714285,0.2,0.2,0,0.9207920792079207,
101,...(((((((........)))).)))(.(((.(.((...............((((.......)))).......((....)).)).).))).)........,-34,-85,1,0.14285714285714285,0.3,0.2,0,0.9405940594059405,
102,...((((.((........)).).)))(.(((.((((...............((((.......)))).......((....)).)))).))).)........,-8,-21,0,0.5238095238095238,0.3,0.2,0,0.9702970297029703,
103,...(((((((........)))).)))(.(.(.((((...............((((.......)))).......((....)).)))).).).)........,-30,-89,0,0.2857142857142857,0.3,0.2,0,1.0,
104,...(((((((........)))).)))..(((.((((...............((((.......))))......(((....))))))).)))..........,-27,-92,1,0.6,0.21052631578947367,0.0,0,0.0,
105,...(((((((........)))).)))(.(((.(((................((((.......))))......(((....))).))).))).)........,-36,-83,1,0.25,0.21052631578947367,0.0,1,0.11111111111111112,<-- taken
106,...(((((((........)))).)))(.(((.((((................(((.......))).......(((....))))))).))).)........,-52,-66,0,0.2,0.21052631578947367,0.0,1,0.18055555555555555,
107,...(((((((........)))).)))(.(((.((((...............(((.........)))......(((....))))))).))).)........,-55,-63,0,0.05,0.21052631578947367,0.0,1,0.23611111111111113,
108,...((((((..........))).)))(.(((.((((...............((((.......))))......(((....))))))).))).)........,-10,-19,0,0.65,0.21052631578947367,0.0,1,0.3194444444444445,
109,....((((((........)))).)).(.(((.((((...............((((.......))))......(((....))))))).))).)........,-4,-26,0,0.95,0.21052631578947367,0.0,1,0.4861111111111111,
110,...((.((((........))))..))(.(((.((((...............((((.......))))......(((....))))))).))).)........,-6,-24,0,0.85,0.3157894736842105,0.0,1,0.4861111111111111,
111,...(((((((........)))).)))(..((.((((...............((((.......))))......(((....))))))).))..)........,-29,-90,1,0.55,0.2631578947368421,0.0,1,0.513888888888889,
112,...(((.(((........)))..)))(.(((.((((...............((((.......))))......(((....))))))).))).)........,-7,-22,0,0.8,0.3684210526315789,0.0,1,0.5416666666666667,
113,...(((((((........)))).)))(.(((.((.(...............((((.......))))......(((....)))).)).))).)........,-35,-84,1,0.3,0.2631578947368421,0.0,0,0.5972222222222222,
114,...(((((.(........).)).)))(.(((.((((...............((((.......))))......(((....))))))).))).)........,-9,-20,0,0.7,0.2631578947368421,0.0,0,0.6527777777777778,
115,...(((((((........)))).)))(.(((.((((...............(.((.......)).)......(((....))))))).))).)........,-53,-65,0,0.15,0.21052631578947367,0.0,0,0.6527777777777778,
116,...(.(((((........)))).).)(.(((.((((...............((((.......))))......(((....))))))).))).)........,-5,-25,0,0.9,0.2631578947368421,0.0,0,0.6666666666666667,
117,...(((((((........)))).)))(.((..((((...............((((.......))))......(((....)))))))..)).)........,-31,-88,0,0.45,0.3684210526315789,0.0,1,0.6666666666666667,
118,...(((((((........)))).)))(.(((..(((...............((((.......))))......(((....))))))..))).)........,-33,-86,1,0.4,0.3684210526315789,0.0,1,0.7083333333333334,
119,...(((((((........)))).)))(.(((.((((...............((.(.......).))......(((....))))))).))).)........,-54,-64,0,0.1,0.21052631578947367,0.0,0,0.888888888888889,
120,...(((((((........)))).)))(.(((.(.((...............((((.......))))......(((....))))).).))).)........,-34,-85,1,0.35,0.3157894736842105,0.0,0,0.9166666666666667,
121,...((((.((........)).).)))(.(((.((((...............((((.......))))......(((....))))))).))).)........,-8,-21,0,0.75,0.3157894736842105,0.0,0,0.9583333333333334,
122,...(((((((........)))).)))(.(.(.((((...............((((.......))))......(((....))))))).).).)........,-30,-89,0,0.5,0.3157894736842105,0.0,0,1.0,
123,...(((((((........)))).)))(.(((.(((................((((.......)))).....((((....))))))).))).)........,72,83,1,0.25,0.05263157894736842,0.15789473684210525,1,0.0,<-- taken
124,...(((((((........)))).)))..(((.(((................((((.......))))......(((....))).))).)))..........,-27,-92,1,0.35,0.21052631578947367,0.15789473684210525,0,0.16279069767441862,
125,...(((((((........)))).)))(.(((.(((.................(((.......))).......(((....))).))).))).)........,-52,-66,0,0.05,0.21052631578947367,0.15789473684210525,1,0.313953488372093,
126,...(((((((........)))).)))(.(((.((.................((((.......))))......(((....)))..)).))).)........,-35,-84,1,0.05,0.21052631578947367,0.15789473684210525,1,0.32558139534883723,
127,...(((((((........)))).)))(.(((.(((................(((.........)))......(((....))).))).))).)........,-55,-63,0,0.2,0.21052631578947367,0.15789473684210525,1,0.36046511627906974,
128,...((((((..........))).)))(.(((.(((................((((.......))))......(((....))).))).))).)........,-10,-19,0,0.4,0.21052631578947367,0.15789473684210525,1,0.43023255813953487,
129,....((((((........)))).)).(.(((.(((................((((.......))))......(((....))).))).))).)........,-4,-26,0,0.7,0.21052631578947367,0.15789473684210525,1,0.5697674418604651,
130,...((.((((........))))..))(.(((.(((................((((.......))))......(((....))).))).))).)........,-6,-24,0,0.6,0.3157894736842105,0.15789473684210525,1,0.5697674418604651,
131,...(((((((........)))).)))(..((.(((................((((.......))))......(((....))).))).))..)........,-29,-90,1,0.3,0.2631578947368421,0.15789473684210525,1,0.5930232558139534,
132,...(((.(((........)))..)))(.(((.(((................((((.......))))......(((....))).))).))).)........,-7,-22,0,0.55,0.3684210526315789,0.15789473684210525,1,0.6162790697674418,
133,...(((((.(........).)).)))(.(((.(((................((((.......))))......(((....))).))).))).)........,-9,-20,0,0.45,0.2631578947368421,0.15789473684210525,0,0.7093023255813953,
134,...(((((((........)))).)))(.(((.(((................(.((.......)).)......(((....))).))).))).)........,-53,-65,0,0.1,0.21052631578947367,0.15789473684210525,0,0.7093023255813953,
135,...(.(((((........)))).).)(.(((.(((................((((.......))))......(((....))).))).))).)........,-5,-25,0,0.65,0.2631578947368421,0.15789473684210525,0,0.7209302325581395,
136,...(((((((........)))).)))(.((..(((................((((.......))))......(((....))).)))..)).)........,-31,-88,0,0.2,0.3684210526315789,0.15789473684210525,1,0.7209302325581395,
137,...(((((((........)))).)))(.(((..((................((((.......))))......(((....))).))..))).)........,-33,-86,1,0.15,0.3157894736842105,0.15789473684210525,1,0.7558139534883721,
138,...(((((((........)))).)))(.(((.(((................((.(.......).))......(((....))).))).))).)........,-54,-64,0,0.15,0.21052631578947367,0.15789473684210525,0,0.9069767441860466,
139,...(((((((........)))).)))(.(((.(.(................((((.......))))......(((....))).).).))).)........,-34,-85,1,0.1,0.2631578947368421,0.15789473684210525,0,0.930232558139535,
140,...((((.((........)).).)))(.(((.(((................((((.......))))......(((....))).))).))).)........,-8,-21,0,0.5,0.3157894736842105,0.15789473684210525,0,0.9651162790697674,
141,...(((((((........)))).)))(.(.(.(((................((((.......))))......(((....))).))).).).)........,-30,-89,0,0.25,0.3157894736842105,0.15789473684210525,0,1.0,
142,...(((((((........)))).)))..(((.(((................((((.......)))).....((((....))))))).)))..........,-27,-92,1,0.5789473684210527,0.2222222222222222,0.0,0,0.0,
143,...(((((((........)))).)))(.(((.(((.................(((.......)))......((((....))))))).))).)........,-52,-66,0,0.21052631578947367,0.2222222222222222,0.0,1,0.18055555555555555,
144,...(((((((........)))).)))(.(((.((.................((((.......)))).....((((....)))).)).))).)........,-35,-84,1,0.2631578947368421,0.2222222222222222,0.0,1,0.19444444444444445,<-- taken
145,...(((((((........)))).)))(.(((.(((................(((.........))).....((((....))))))).))).)........,-55,-63,0,0.05263157894736842,0.2222222222222222,0.0,1,0.23611111111111113,
146,...((((((..........))).)))(.(((.(((................((((.......)))).....((((....))))))).))).)........,-10,-19,0,0.631578947368421,0.2222222222222222,0.0,1,0.3194444444444445,
147,....((((((........)))).)).(.(((.(((................((((.......)))).....((((....))))))).))).)........,-4,-26,0,0.9473684210526315,0.2222222222222222,0.0,1,0.4861111111111111,
148,...((.((((........))))..))(.(((.(((................((((.......)))).....((((....))))))).))).)........,-6,-24,0,0.8421052631578947,0.3333333333333333,0.0,1,0.4861111111111111,
149,...(((((((........)))).)))(..((.(((................((((.......)))).....((((....))))))).))..)........,-29,-90,1,0.5263157894736842,0.2777777777777778,0.0,1,0.513888888888889,
150,...(((.(((........)))..)))(.(((.(((................((((.......)))).....((((....))))))).))).)........,-7,-22,0,0.7894736842105263,0.3888888888888889,0.0,1,0.5416666666666667,
151,...(((((.(........).)).)))(.(((.(((................((((.......)))).....((((....))))))).))).)........,-9,-20,0,0.6842105263157895,0.2777777777777778,0.0,0,0.6527777777777778,
152,...(((((((........)))).)))(.(((.(((................(.((.......)).).....((((....))))))).))).)........,-53,-65,0,0.15789473684210525,0.2222222222222222,0.0,0,0.6527777777777778,
153,...(.(((((........)))).).)(.(((.(((................((((.......)))).....((((....))))))).))).)........,-5,-25,0,0.8947368421052632,0.2777777777777778,0.0,0,0.6666666666666667,
154,...(((((((........)))).)))(.((..(((................((((.......)))).....((((....)))))))..)).)........,-31,-88,0,0.42105263157894735,0.3888888888888889,0.0,1,0.6666666666666667,
155,...(((((((........)))).)))(.(((..((................((((.......)))).....((((....))))))..))).)........,-33,-86,1,0.3684210526315789,0.3333333333333333,0.0,1,0.7083333333333334,
156,...(((((((........)))).)))(.(((.(((................((.(.......).)).....((((....))))))).))).)........,-54,-64,0,0.10526315789473684,0.2222222222222222,0.0,0,0.888888888888889,
157,...(((((((........)))).)))(.(((.(.(................((((.......)))).....((((....))))).).))).)........,-34,-85,1,0.3157894736842105,0.2777777777777778,0.0,0,0.9166666666666667,
158,...((((.((........)).).)))(.(((.(((................((((.......)))).....((((....))))))).))).)........,-8,-21,0,0.7368421052631579,0.3333333333333333,0.0,0,0.9583333333333334,
159,...(((((((........)))).)))(.(.(.(((................((((.......)))).....((((....))))))).).).)........,-30,-89,0,0.47368421052631576,0.3333333333333333,0.0,0,1.0,
160,...(((((((........)))).)))(.(((.((.................((((.......))))....(((((....))))))).))).)........,71,84,1,0.2631578947368421,0.05555555555555555,0.16666666666666666,1,0.0,<-- taken
161,...(((((((........)))).)))..(((.((.................((((.......)))).....((((....)))).)).)))..........,-27,-92,1,0.3157894736842105,0.2222222222222222,0.16666666666666666,0,0.1,
162,...(((((((........)))).)))(.(((.((..................(((.......)))......((((....)))).)).))).)........,-52,-66,0,0.05263157894736842,0.2222222222222222,0.16666666666666666,1,0.2625,
163,...(((((((........)))).)))(.(((.((.................(((.........))).....((((....)))).)).))).)........,-55,-63,0,0.21052631578947367,0.2222222222222222,0.16666666666666666,1,0.3125,
164,...((((((..........))).)))(.(((.((.................((((.......)))).....((((....)))).)).))).)........,-10,-19,0,0.3684210526315789,0.2222222222222222,0.16666666666666666,1,0.38750000000000007,
165,...(((((((........)))).)))(.(((.(..................((((.......)))).....((((....))))..).))).)........,-34,-85,1,0.05263157894736842,0.2222222222222222,0.16666666666666666,1,0.5125000000000001,
166,....((((((........)))).)).(.(((.((.................((((.......)))).....((((....)))).)).))).)........,-4,-26,0,0.6842105263157895,0.2222222222222222,0.16666666666666666,1,0.5375,
167,...((.((((........))))..))(.(((.((.................((((.......)))).....((((....)))).)).))).)........,-6,-24,0,0.5789473684210527,0.3333333333333333,0.16666666666666666,1,0.5375,
168,...(((((((........)))).)))(..((.((.................((((.......)))).....((((....)))).)).))..)........,-29,-90,1,0.2631578947368421,0.2777777777777778,0.16666666666666666,1,0.5625,
169,...(((.(((........)))..)))(.(((.((.................((((.......)))).....((((....)))).)).))).)........,-7,-22,0,0.5263157894736842,0.3888888888888889,0.16666666666666666,1,0.5875,
170,...(((((.(........).)).)))(.(((.((.................((((.......)))).....((((....)))).)).))).)........,-9,-20,0,0.42105263157894735,0.2777777777777778,0.16666666666666666,0,0.6875,
171,...(((((((........)))).)))(.(((.((.................(.((.......)).).....((((....)))).)).))).)........,-53,-65,0,0.10526315789473684,0.2222222222222222,0.16666666666666666,0,0.6875,
172,...(.(((((........)))).).)(.(((.((.................((((.......)))).....((((....)))).)).))).)........,-5,-25,0,0.631578947368421,0.2777777777777778,0.16666666666666666,0,0.7,
173,...(((((((........)))).)))(.((..((.................((((.......)))).....((((....)))).))..)).)........,-31,-88,0,0.15789473684210525,0.3333333333333333,0.16666666666666666,1,0.7,
174,...(((((((........)))).)))(.(((..(.................((((.......)))).....((((....)))).)..))).)........,-33,-86,1,0.10526315789473684,0.2777777777777778,0.16666666666666666,1,0.7375,
175,...(((((((........)))).)))(.(((.((.................((.(.......).)).....((((....)))).)).))).)........,-54,-64,0,0.15789473684210525,0.2222222222222222,0.16666666666666666,0,0.9,
176,...((((.((........)).).)))(.(((.((.................((((.......)))).....((((....)))).)).))).)........,-8,-21,0,0.47368421052631576,0.3333333333333333,0.16666666666666666,0,0.9625,
177,...(((((((........)))).)))(.(.(.((.................((((.......)))).....((((....)))).)).).).)........,-30,-89,0,0.21052631578947367,0.3333333333333333,0.16666666666666666,0,1.0,
178,...(((((((........)))).)))..(((.((.................((((.......))))....(((((....))))))).)))..........,-27,-92,1,0.5555555555555556,0.23529411764705882,0.0,0,0.0,
179,...(((((((........)))).)))(.(((.((..................(((.......))).....(((((....))))))).))).)........,-52,-66,0,0.2222222222222222,0.23529411764705882,0.0,1,0.18055555555555555,
180,...(((((((........)))).)))(.(((.((.................(((.........)))....(((((....))))))).))).)........,-55,-63,0,0.05555555555555555,0.23529411764705882,0.0,1,0.23611111111111113,
181,...((((((..........))).)))(.(((.((.................((((.......))))....(((((....))))))).))).)........,-10,-19,0,0.6111111111111112,0.23529411764705882,0.0,1,0.3194444444444445,
182,...(((((((........)))).)))(.(((.(..................((((.......))))....(((((....))))).).))).)........,-34,-85,1,0.2777777777777778,0.23529411764705882,0.0,1,0.45833333333333337,<-- taken
183,....((((((........)))).)).(.(((.((.................((((.......))))....(((((....))))))).))).)........,-4,-26,0,0.9444444444444444,0.23529411764705882,0.0,1,0.4861111111111111,
184,...((.((((........))))..))(.(((.((.................((((.......))))....(((((....))))))).))).)........,-6,-24,0,0.8333333333333334,0.35294117647058826,0.0,1,0.4861111111111111,
185,...(((((((........)))).)))(..((.((.................((((.......))))....(((((....))))))).))..)........,-29,-90,1,0.5,0.29411764705882354,0.0,1,0.513888888888889,
186,...(((.(((........)))..)))(.(((.((.................((((.......))))....(((((....))))))).))).)........,-7,-22,0,0.7777777777777778,0.4117647058823529,0.0,1,0.5416666666666667,
187,...(((((.(........).)).)))(.(((.((.................((((.......))))....(((((....))))))).))).)........,-9,-20,0,0.6666666666666666,0.29411764705882354,0.0,0,0.6527777777777778,
188,...(((((((........)))).)))(.(((.((.................(.((.......)).)....(((((....))))))).))).)........,-53,-65,0,0.16666666666666666,0.23529411764705882,0.0,0,0.6527777777777778,
189,...(.(((((........)))).).)(.(((.((.................((((.......))))....(((((....))))))).))).)........,-5,-25,0,0.8888888888888888,0.29411764705882354,0.0,0,0.6666666666666667,
190,...(((((((........)))).)))(.((..((.................((((.......))))....(((((....)))))))..)).)........,-31,-88,0,0.3888888888888889,0.35294117647058826,0.0,1,0.6666666666666667,
191,...(((((((........)))).)))(.(((..(.................((((.......))))....(((((....))))))..))).)........,-33,-86,1,0.3333333333333333,0.29411764705882354,0.0,1,0.7083333333333334,
192,...(((((((........)))).)))(.(((.((.................((.(.......).))....(((((....))))))).))).)........,-54,-64,0,0.1111111111111111,0.23529411764705882,0.0,0,0.888888888888889,
193,...((((.((........)).).)))(.(((.((.................((((.......))))....(((((....))))))).))).)........,-8,-21,0,0.7222222222222222,0.35294117647058826,0.0,0,0.9583333333333334,
194,...(((((((........)))).)))(.(.(.((.................((((.......))))....(((((....))))))).).).)........,-30,-89,0,0.4444444444444444,0.35294117647058826,0.0,0,1.0,
195,...(((((((........)))).)))(.(((....................((((.......))))....(((((....)))))...))).)........,-33,-86,1,0.058823529411764705,0.25,0.1875,0,0.0,<-- taken
196,...(((((((........)))).)))..(((.(..................((((.......))))....(((((....))))).).)))..........,-27,-92,1,0.29411764705882354,0.25,0.1875,0,0.0136986301369863,
197,...(((((((........)))).)))(.(((.(...................(((.......))).....(((((....))))).).))).)........,-52,-66,0,0.058823529411764705,0.25,0.1875,1,0.1917808219178082,
198,...(((((((........)))).)))(.(((.(..................(((.........)))....(((((....))))).).))).)........,-55,-63,0,0.23529411764705882,0.25,0.1875,1,0.24657534246575344,
199,...((((((..........))).)))(.(((.(..................((((.......))))....(((((....))))).).))).)........,-10,-19,0,0.35294117647058826,0.25,0.1875,1,0.3287671232876712,
200,....((((((........)))).)).(.(((.(..................((((.......))))....(((((....))))).).))).)........,-4,-26,0,0.7058823529411765,0.25,0.1875,1,0.4931506849315069,
201,...((.((((........))))..))(.(((.(..................((((.......))))....(((((....))))).).))).)........,-6,-24,0,0.5882352941176471,0.375,0.1875,1,0.4931506849315069,
202,...(((((((........)))).)))(..((.(..................((((.......))))....(((((....))))).).))..)........,-29,-90,1,0.23529411764705882,0.3125,0.1875,1,0.5205479452054795,
203,...(((.(((........)))..)))(.(((.(..................((((.......))))....(((((....))))).).))).)........,-7,-22,0,0.5294117647058824,0.4375,0.1875,1,0.547945205479452,
204,...(((((.(........).)).)))(.(((.(..................((((.......))))....(((((....))))).).))).)........,-9,-20,0,0.4117647058823529,0.3125,0.1875,0,0.6575342465753424,
205,...(((((((........)))).)))(.(((.(..................(.((.......)).)....(((((....))))).).))).)........,-53,-65,0,0.11764705882352941,0.25,0.1875,0,0.6575342465753424,
206,...(.(((((........)))).).)(.(((.(..................((((.......))))....(((((....))))).).))).)........,-5,-25,0,0.6470588235294118,0.3125,0.1875,0,0.6712328767123288,
207,...(((((((........)))).)))(.((..(..................((((.......))))....(((((....))))).)..)).)........,-31,-88,0,0.11764705882352941,0.3125,0.1875,1,0.6712328767123288,
208,...(((((((........)))).)))(.(((.(..................((.(.......).))....(((((....))))).).))).)........,-54,-64,0,0.17647058823529413,0.25,0.1875,0,0.8904109589041096,
209,...((((.((........)).).)))(.(((.(..................((((.......))))....(((((....))))).).))).)........,-8,-21,0,0.47058823529411764,0.375,0.1875,0,0.9589041095890412,
210,...(((((((........)))).)))(.(.(.(..................((((.......))))....(((((....))))).).).).)........,-30,-89,0,0.17647058823529413,0.3125,0.1875,0,1.0,
211,...(((((((........)))).)))..(((....................((((.......))))....(((((....)))))...)))..........,-27,-92,1,0.25,0.26666666666666666,0.2,0,0.0,<-- taken
212,...(((((((........)))).)))(.(((.....................(((.......))).....(((((....)))))...))).)........,-52,-66,0,0.0625,0.26666666666666666,0.2,1,0.18055555555555555,
213,...(((((((........)))).)))(.(((....................(((.........)))....(((((....)))))...))).)........,-55,-63,0,0.25,0.26666666666666666,0.2,1,0.23611111111111113,
214,...((((((..........))).)))(.(((....................((((.......))))....(((((....)))))...))).)........,-10,-19,0,0.3125,0.26666666666666666,0.2,1,0.3194444444444445,
215,....((((((........)))).)).(.(((....................((((.......))))....(((((....)))))...))).)........,-4,-26,0,0.6875,0.26666666666666666,0.2,1,0.4861111111111111,
216,...((.((((........))))..))(.(((....................((((.......))))....(((((....)))))...))).)........,-6,-24,0,0.5625,0.4,0.2,1,0.4861111111111111,
217,...(((((((........)))).)))(..((....................((((.......))))....(((((....)))))...))..)........,-29,-90,1,0.1875,0.26666666666666666,0.2,1,0.513888888888889,
218,...(((((((........)))).)))(.((.....................((((.......))))....(((((....)))))....)).)........,-31,-88,0,0.0625,0.26666666666666666,0.2,1,0.5277777777777778,
219,...(((.(((........)))..)))(.(((....................((((.......))))....(((((....)))))...))).)........,-7,-22,0,0.5,0.4666666666666667,0.2,1,0.5416666666666667,
220,...(((((.(........).)).)))(.(((....................((((.......))))....(((((....)))))...))).)........,-9,-20,0,0.375,0.3333333333333333,0.2,0,0.6527777777777778,
221,...(((((((........)))).)))(.(((....................(.((.......)).)....(((((....)))))...))).)........,-53,-65,0,0.125,0.26666666666666666,0.2,0,0.6527777777777778,
222,...(.(((((........)))).).)(.(((....................((((.......))))....(((((....)))))...))).)........,-5,-25,0,0.625,0.3333333333333333,0.2,0,0.6666666666666667,
223,...(((((((........)))).)))(.(((....................((.(.......).))....(((((....)))))...))).)........,-54,-64,0,0.1875,0.26666666666666666,0.2,0,0.888888888888889,
224,...((((.((........)).).)))(.(((....................((((.......))))....(((((....)))))...))).)........,-8,-21,0,0.4375,0.4,0.2,0,0.9583333333333334,
225,...(((((((........)))).)))(.(.(....................((((.......))))....(((((....)))))...).).)........,-30,-89,0,0.125,0.26666666666666666,0.2,0,1.0,
226,...(((((((........)))).)))..(((.....................(((.......))).....(((((....)))))...)))..........,-52,-66,0,0.26666666666666666,0.2857142857142857,0.21428571428571427,1,0.0,
227,...(((((((........)))).)))..(((....................(((.........)))....(((((....)))))...)))..........,-55,-63,0,0.4666666666666667,0.2857142857142857,0.21428571428571427,1,0.06779661016949154,
228,...((((((..........))).)))..(((....................((((.......))))....(((((....)))))...)))..........,-10,-19,0,0.06666666666666667,0.2857142857142857,0.21428571428571427,1,0.16949152542372883,
229,...(((((((........)))).)))...((....................((((.......))))....(((((....)))))...))...........,-29,-90,1,0.06666666666666667,0.21428571428571427,0.21428571428571427,1,0.30508474576271183,<-- taken
230,....((((((........)))).))...(((....................((((.......))))....(((((....)))))...)))..........,-4,-26,0,0.4666666666666667,0.2857142857142857,0.21428571428571427,1,0.3728813559322034,
231,...((.((((........))))..))..(((....................((((.......))))....(((((....)))))...)))..........,-6,-24,0,0.3333333333333333,0.42857142857142855,0.21428571428571427,1,0.3728813559322034,
232,...(((((((........)))).)))..((.....................((((.......))))....(((((....)))))....))..........,-31,-88,0,0.2,0.21428571428571427,0.21428571428571427,1,0.423728813559322,
233,...(((.(((........)))..)))..(((....................((((.......))))....(((((....)))))...)))..........,-7,-22,0,0.26666666666666666,0.5,0.21428571428571427,1,0.44067796610169496,
234,...(((((.(........).)).)))..(((....................((((.......))))....(((((....)))))...)))..........,-9,-20,0,0.13333333333333333,0.35714285714285715,0.21428571428571427,0,0.576271186440678,
235,...(((((((........)))).)))..(((....................(.((.......)).)....(((((....)))))...)))..........,-53,-65,0,0.3333333333333333,0.2857142857142857,0.21428571428571427,0,0.576271186440678,
236,...(.(((((........)))).).)..(((....................((((.......))))....(((((....)))))...)))..........,-5,-25,0,0.4,0.35714285714285715,0.21428571428571427,0,0.5932203389830508,
237,...(((((((........)))).)))..(((....................((.(.......).))....(((((....)))))...)))..........,-54,-64,0,0.4,0.2857142857142857,0.21428571428571427,0,0.864406779661017,
238,...((((.((........)).).)))..(((....................((((.......))))....(((((....)))))...)))..........,-8,-21,0,0.2,0.42857142857142855,0.21428571428571427,0,0.9491525423728814,
239,...(((((((........)))).)))..(.(....................((((.......))))....(((((....)))))...).)..........,-30,-89,0,0.13333333333333333,0.21428571428571427,0.21428571428571427,0,0.9999999999999999,
240,...(((((((........)))).)))...((.....................(((.......))).....(((((....)))))...))...........,-52,-66,0,0.21428571428571427,0.3076923076923077,0.15384615384615385,1,0.0,
241,...(((((((........)))).)))...((....................(((.........)))....(((((....)))))...))...........,-55,-63,0,0.42857142857142855,0.3076923076923077,0.15384615384615385,1,0.07142857142857142,
242,...((((((..........))).)))...((....................((((.......))))....(((((....)))))...))...........,-10,-19,0,0.07142857142857142,0.3076923076923077,0.15384615384615385,1,0.17857142857142858,
243,...(((((((........)))).)))....(....................((((.......))))....(((((....)))))...)............,-30,-89,1,0.07142857142857142,0.15384615384615385,0.15384615384615385,1,0.3571428571428572,<-- taken
244,....((((((........)))).))....((....................((((.......))))....(((((....)))))...))...........,-4,-26,0,0.5,0.3076923076923077,0.15384615384615385,1,0.3928571428571429,
245,...((.((((........))))..))...((....................((((.......))))....(((((....)))))...))...........,-6,-24,0,0.35714285714285715,0.46153846153846156,0.15384615384615385,1,0.3928571428571429,
246,...(((((((........)))).)))...(.....................((((.......))))....(((((....)))))....)...........,-31,-88,0,0.14285714285714285,0.15384615384615385,0.15384615384615385,1,0.4464285714285715,
247,...(((.(((........)))..)))...((....................((((.......))))....(((((....)))))...))...........,-7,-22,0,0.2857142857142857,0.5384615384615384,0.15384615384615385,1,0.4642857142857143,
248,...(((((.(........).)).)))...((....................((((.......))))....(((((....)))))...))...........,-9,-20,0,0.14285714285714285,0.38461538461538464,0.15384615384615385,0,0.6071428571428572,
249,...(((((((........)))).)))...((....................(.((.......)).)....(((((....)))))...))...........,-53,-65,0,0.2857142857142857,0.3076923076923077,0.15384615384615385,0,0.6071428571428572,
250,...(.(((((........)))).).)...((....................((((.......))))....(((((....)))))...))...........,-5,-25,0,0.42857142857142855,0.38461538461538464,0.15384615384615385,0,0.625,
251,...(((((((........)))).)))...((....................((.(.......).))....(((((....)))))...))...........,-54,-64,0,0.35714285714285715,0.3076923076923077,0.15384615384615385,0,0.9107142857142857,
252,...((((.((........)).).)))...((....................((((.......))))....(((((....)))))...))...........,-8,-21,0,0.21428571428571427,0.46153846153846156,0.15384615384615385,0,1.0,
253,...(((((((........)))).))).........................((((.......))))....(((((....)))))................,-31,-88,1,0.07692307692307693,0.08333333333333333,0.08333333333333333,0,0.0,<-- taken
254,...(((((((........)))).)))....(.....................(((.......))).....(((((....)))))...)............,-52,-66,0,0.15384615384615385,0.3333333333333333,0.08333333333333333,1,0.48623853211009177,
255,...(((((((........)))).)))....(....................(((.........)))....(((((....)))))...)............,-55,-63,0,0.38461538461538464,0.3333333333333333,0.08333333333333333,1,0.5229357798165137,
256,...((((((..........))).)))....(....................((((.......))))....(((((....)))))...)............,-10,-19,0,0.07692307692307693,0.3333333333333333,0.08333333333333333,1,0.5779816513761469,
257,....((((((........)))).)).....(....................((((.......))))....(((((....)))))...)............,-4,-26,0,0.5384615384615384,0.3333333333333333,0.08333333333333333,1,0.6880733944954129,
258,...((.((((........))))..))....(....................((((.......))))....(((((....)))))...)............,-6,-24,0,0.38461538461538464,0.5,0.08333333333333333,1,0.6880733944954129,
259,...(((.(((........)))..)))....(....................((((.......))))....(((((....)))))...)............,-7,-22,0,0.3076923076923077,0.5833333333333334,0.08333333333333333,1,0.724770642201835,
260,...(((((.(........).)).)))....(....................((((.......))))....(((((....)))))...)............,-9,-20,0,0.15384615384615385,0.4166666666666667,0.08333333333333333,0,0.798165137614679,
261,...(((((((........)))).)))....(....................(.((.......)).)....(((((....)))))...)............,-53,-65,0,0.23076923076923078,0.3333333333333333,0.08333333333333333,0,0.798165137614679,
262,...(.(((((........)))).).)....(....................((((.......))))....(((((....)))))...)............,-5,-25,0,0.46153846153846156,0.4166666666666667,0.08333333333333333,0,0.8073394495412844,
263,...(((((((........)))).)))....(....................((.(.......).))....(((((....)))))...)............,-54,-64,0,0.3076923076923077,0.3333333333333333,0.08333333333333333,0,0.9541284403669725,
264,...((((.((........)).).)))....(....................((((.......))))....(((((....)))))...)............,-8,-21,0,0.23076923076923078,0.5,0.08333333333333333,0,1.0,
265,...(((((((........)))).)))..........................(((.......))).....(((((....)))))................,-52,-66,1,0.08333333333333333,0.36363636363636365,0.0,1,0.0,<-- taken
266,...(((((((........)))).))).........................(((.........)))....(((((....)))))................,-55,-63,1,0.3333333333333333,0.36363636363636365,0.0,1,0.07142857142857142,
267,...((((((..........))).))).........................((((.......))))....(((((....)))))................,-10,-19,0,0.08333333333333333,0.36363636363636365,0.0,1,0.17857142857142858,
268,....((((((........)))).))..........................((((.......))))....(((((....)))))................,-4,-26,0,0.5833333333333334,0.36363636363636365,0.0,1,0.3928571428571429,
269,...((.((((........))))..)).........................((((.......))))....(((((....)))))................,-6,-24,0,0.4166666666666667,0.5454545454545454,0.0,1,0.3928571428571429,
270,...(((.(((........)))..))).........................((((.......))))....(((((....)))))................,-7,-22,0,0.3333333333333333,0.6363636363636364,0.0,1,0.4642857142857143,
271,...(((((.(........).)).))).........................((((.......))))....(((((....)))))................,-9,-20,0,0.16666666666666666,0.45454545454545453,0.0,0,0.6071428571428572,
272,...(((((((........)))).))).........................(.((.......)).)....(((((....)))))................,-53,-65,0,0.16666666666666666,0.36363636363636365,0.0,0,0.6071428571428572,
273,...(.(((((........)))).).).........................((((.......))))....(((((....)))))................,-5,-25,0,0.5,0.45454545454545453,0.0,0,0.625,
274,...(((((((........)))).))).........................((.(.......).))....(((((....)))))................,-54,-64,0,0.25,0.36363636363636365,0.0,0,0.9107142857142857,
275,...((((.((........)).).))).........................((((.......))))....(((((....)))))................,-8,-21,0,0.25,0.5454545454545454,0.0,0,1.0,
276,...(((((((........)))).)))...........................((.......))......(((((....)))))................,-53,-65,1,0.09090909090909091,0.3,0.3,1,0.0,<-- taken
277,...(((((((........)))).)))..........................((.........)).....(((((....)))))................,-55,-63,1,0.2727272727272727,0.3,0.3,1,0.11864406779661019,
278,...((((((..........))).)))..........................(((.......))).....(((((....)))))................,-10,-19,0,0.09090909090909091,0.4,0.3,1,0.22033898305084748,
279,....((((((........)))).))...........................(((.......))).....(((((....)))))................,-4,-26,0,0.6363636363636364,0.4,0.3,1,0.423728813559322,
280,...((.((((........))))..))..........................(((.......))).....(((((....)))))................,-6,-24,0,0.45454545454545453,0.6,0.3,1,0.423728813559322,
281,...(((.(((........)))..)))..........................(((.......))).....(((((....)))))................,-7,-22,0,0.36363636363636365,0.7,0.3,1,0.4915254237288136,
282,...(((((.(........).)).)))..........................(((.......))).....(((((....)))))................,-9,-20,0,0.18181818181818182,0.5,0.3,0,0.6271186440677966,
283,...(.(((((........)))).).)..........................(((.......))).....(((((....)))))................,-5,-25,0,0.5454545454545454,0.5,0.3,0,0.6440677966101694,
284,...(((((((........)))).)))..........................(.(.......).).....(((((....)))))................,-54,-64,0,0.18181818181818182,0.3,0.3,0,0.9152542372881356,
285,...((((.((........)).).)))..........................(((.......))).....(((((....)))))................,-8,-21,0,0.2727272727272727,0.6,0.3,0,1.0,
286,...(((((((........)))).)))...........................(.........)......(((((....)))))................,-55,-63,1,0.2,0.2222222222222222,0.2222222222222222,1,0.0,<-- taken
287,...((((((..........))).)))...........................((.......))......(((((....)))))................,-10,-19,0,0.1,0.4444444444444444,0.2222222222222222,1,0.11538461538461542,
288,...(((((((........)))).)))............................(.......).......(((((....)))))................,-54,-64,0,0.1,0.2222222222222222,0.2222222222222222,1,0.2692307692307692,
289,....((((((........)))).))............................((.......))......(((((....)))))................,-4,-26,0,0.7,0.4444444444444444,0.2222222222222222,1,0.3461538461538462,
290,...((.((((........))))..))...........................((.......))......(((((....)))))................,-6,-24,0,0.5,0.6666666666666666,0.2222222222222222,1,0.3461538461538462,
291,...(((.(((........)))..)))...........................((.......))......(((((....)))))................,-7,-22,0,0.4,0.7777777777777778,0.2222222222222222,1,0.4230769230769231,
292,...(((((.(........).)).)))...........................((.......))......(((((....)))))................,-9,-20,0,0.2,0.5555555555555556,0.2222222222222222,0,0.5769230769230769,
293,...(.(((((........)))).).)...........................((.......))......(((((....)))))................,-5,-25,0,0.6,0.5555555555555556,0.2222222222222222,0,0.5961538461538463,
294,...((((.((........)).).)))...........................((.......))......(((((....)))))................,-8,-21,0,0.3,0.6666666666666666,0.2222222222222222,0,1.0000000000000002,
295,...(((((((........)))).)))............................................(((((....)))))................,-54,-64,1,0.1111111111111111,0.125,0.125,0,0.0,<-- taken
296,...((((((..........))).)))...........................(.........)......(((((....)))))................,-10,-19,0,0.2222222222222222,0.5,0.125,1,0.5740740740740741,
297,....((((((........)))).))............................(.........)......(((((....)))))................,-4,-26,0,0.8888888888888888,0.5,0.125,1,0.6851851851851851,
298,...((.((((........))))..))...........................(.........)......(((((....)))))................,-6,-24,0,0.6666666666666666,0.75,0.125,1,0.6851851851851851,
299,...(((.(((........)))..)))...........................(.........)......(((((....)))))................,-7,-22,0,0.5555555555555556,0.875,0.125,1,0.7222222222222222,
300,...(((((.(........).)).)))...........................(.........)......(((((....)))))................,-9,-20,0,0.3333333333333333,0.625,0.125,0,0.7962962962962963,
301,...(.(((((........)))).).)...........................(.........)......(((((....)))))................,-5,-25,0,0.7777777777777778,0.625,0.125,0,0.8055555555555556,
302,...((((.((........)).).)))...........................(.........)......(((((....)))))................,-8,-21,0,0.4444444444444444,0.75,0.125,0,1.0,
303,...((((((..........))).)))............................................(((((....)))))................,-10,-19,0,0.06666666666666667,0.2857142857142857,0.0,1,0.0,
304,...(((((((........)))).))).....................................(......(((((....)))))..).............,64,87,1,0.4666666666666667,0.14285714285714285,0.0,0,0.0,<-- taken
305,....((((((........)))).)).............................................(((((....)))))................,-4,-26,0,0.4666666666666667,0.2857142857142857,0.0,1,0.26086956521739135,
306,...((.((((........))))..))............................................(((((....)))))................,-6,-24,0,0.3333333333333333,0.42857142857142855,0.0,1,0.26086956521739135,
307,...(((.(((........)))..)))............................................(((((....)))))................,-7,-22,0,0.26666666666666666,0.5,0.0,1,0.34782608695652173,
308,...(((((((........)))).))).............................(..............(((((....)))))..........).....,56,95,0,0.13333333333333333,0.42857142857142855,0.0,0,0.4130434782608696,
309,...(((((((........)))).))).................................(..........(((((....)))))......).........,60,91,0,0.4,0.42857142857142855,0.0,0,0.4130434782608696,
310,...(((((((........)))).)))................................(...........(((((....))))).......)........,59,92,0,0.3333333333333333,0.42857142857142855,0.0,0,0.4347826086956522,
311,...(((((.(........).)).)))............................................(((((....)))))................,-9,-20,0,0.13333333333333333,0.35714285714285715,0.0,0,0.5217391304347827,
312,...(.(((((........)))).).)............................................(((((....)))))................,-5,-25,0,0.4,0.35714285714285715,0.0,0,0.5434782608695652,
313,...(((((((........)))).)))..............................(.............(((((....))))).........)......,57,94,0,0.2,0.42857142857142855,0.0,0,0.8043478260869565,
314,...(((((((........)))).)))...............................(............(((((....)))))........).......,58,93,0,0.26666666666666666,0.42857142857142855,0.0,0,0.8043478260869565,
315,...(((((((........)))).)))............................(...............(((((....)))))...........)....,55,96,0,0.06666666666666667,0.35714285714285715,0.0,0,0.8478260869565217,
316,...((((.((........)).).)))............................................(((((....)))))................,-8,-21,0,0.2,0.42857142857142855,0.0,0,1.0,
317,...(((((((........)))).))).................................(...(......(((((....)))))..)...).........,60,91,1,0.07142857142857142,0.38461538461538464,0.07692307692307693,0,0.0,<-- taken
318,...(((((((........)))).)))................................(....(......(((((....)))))..)....)........,59,92,0,0.14285714285714285,0.46153846153846156,0.07692307692307693,0,0.054545454545454564,
319,...(((((((........)))).))).............................(.......(......(((((....)))))..).......).....,56,95,0,0.35714285714285715,0.46153846153846156,0.07692307692307693,0,0.07272727272727275,
320,...((((((..........))).))).....................................(......(((((....)))))..).............,-10,-19,0,0.5,0.3076923076923077,0.07692307692307693,1,0.16363636363636364,
321,...(((((((........)))).)))...............................(.....(......(((((....)))))..).....).......,58,93,0,0.21428571428571427,0.46153846153846156,0.07692307692307693,0,0.36363636363636365,
322,....((((((........)))).))......................................(......(((((....)))))..).............,-4,-26,0,0.9285714285714286,0.3076923076923077,0.07692307692307693,1,0.38181818181818183,
323,...((.((((........))))..)).....................................(......(((((....)))))..).............,-6,-24,0,0.7857142857142857,0.46153846153846156,0.07692307692307693,1,0.38181818181818183,
324,...(((((((........)))).)))..............................(......(......(((((....)))))..)......)......,57,94,0,0.2857142857142857,0.46153846153846156,0.07692307692307693,0,0.38181818181818183,
325,...(((.(((........)))..))).....................................(......(((((....)))))..).............,-7,-22,0,0.7142857142857143,0.5384615384615384,0.07692307692307693,1,0.4545454545454546,
326,...(((((((........)))).)))............................(........(......(((((....)))))..)........)....,55,96,0,0.42857142857142855,0.38461538461538464,0.07692307692307693,0,0.4545454545454546,
327,...(((((.(........).)).))).....................................(......(((((....)))))..).............,-9,-20,0,0.5714285714285714,0.38461538461538464,0.07692307692307693,0,0.6,
328,...(.(((((........)))).).).....................................(......(((((....)))))..).............,-5,-25,0,0.8571428571428571,0.38461538461538464,0.07692307692307693,0,0.6181818181818182,
329,...((((.((........)).).))).....................................(......(((((....)))))..).............,-8,-21,0,0.6428571428571429,0.46153846153846156,0.07692307692307693,0,1.0,
330,...(((((((........)))).)))................................((...(......(((((....)))))..)...))........,59,92,1,0.07692307692307693,0.4166666666666667,0.3333333333333333,1,0.0,<-- taken
331,...(((((((........)))).))).............................(...(...(......(((((....)))))..)...)...).....,56,95,0,0.3076923076923077,0.4166666666666667,0.3333333333333333,0,0.47058823529411764,
332,...(((((((........)))).)))...............................(.(...(......(((((....)))))..)...).).......,58,93,0,0.15384615384615385,0.4166666666666667,0.3333333333333333,0,0.5196078431372549,
333,...((((((..........))).))).................................(...(......(((((....)))))..)...).........,-10,-19,0,0.46153846153846156,0.3333333333333333,0.3333333333333333,1,0.5490196078431373,
334,...(((((((........)))).)))..............................(..(...(......(((((....)))))..)...)..)......,57,94,0,0.23076923076923078,0.4166666666666667,0.3333333333333333,0,0.607843137254902,
335,....((((((........)))).))..................................(...(......(((((....)))))..)...).........,-4,-26,0,0.9230769230769231,0.3333333333333333,0.3333333333333333,1,0.6666666666666667,
336,...((.((((........))))..)).................................(...(......(((((....)))))..)...).........,-6,-24,0,0.7692307692307693,0.5,0.3333333333333333,1,0.6666666666666667,
337,...(((((((........)))).)))............................(....(...(......(((((....)))))..)...)....)....,55,96,0,0.38461538461538464,0.4166666666666667,0.3333333333333333,0,0.696078431372549,
338,...(((.(((........)))..))).................................(...(......(((((....)))))..)...).........,-7,-22,0,0.6923076923076923,0.5833333333333334,0.3333333333333333,1,0.7058823529411764,
339,...(((((.(........).)).))).................................(...(......(((((....)))))..)...).........,-9,-20,0,0.5384615384615384,0.4166666666666667,0.3333333333333333,0,0.7843137254901961,
340,...(.(((((........)))).).).................................(...(......(((((....)))))..)...).........,-5,-25,0,0.8461538461538461,0.4166666666666667,0.3333333333333333,0,0.7941176470588236,
341,...((((.((........)).).))).................................(...(......(((((....)))))..)...).........,-8,-21,0,0.6153846153846154,0.5,0.3333333333333333,0,1.0,
342,...(((((((........)))).)))...............................(((...(......(((((....)))))..)...))).......,58,93,1,0.08333333333333333,0.36363636363636365,0.36363636363636365,1,0.0,<-- taken
343,...(((((((........)))).))).............................(..((...(......(((((....)))))..)...))..).....,56,95,1,0.25,0.36363636363636365,0.36363636363636365,0,0.2804878048780488,
344,...(((((((........)))).)))..............................(.((...(......(((((....)))))..)...)).)......,57,94,1,0.16666666666666666,0.36363636363636365,0.36363636363636365,0,0.3902439024390244,
345,...((((((..........))).)))................................((...(......(((((....)))))..)...))........,-10,-19,1,0.4166666666666667,0.36363636363636365,0.36363636363636365,1,0.4390243902439025,
346,....((((((........)))).)).................................((...(......(((((....)))))..)...))........,-4,-26,0,0.9166666666666666,0.36363636363636365,0.36363636363636365,1,0.5853658536585366,
347,...((.((((........))))..))................................((...(......(((((....)))))..)...))........,-6,-24,0,0.75,0.5454545454545454,0.36363636363636365,1,0.5853658536585366,
348,...(((((((........)))).)))............................(...((...(......(((((....)))))..)...))...)....,55,96,1,0.3333333333333333,0.36363636363636365,0.36363636363636365,0,0.5853658536585366,
349,...(((.(((........)))..)))................................((...(......(((((....)))))..)...))........,-7,-22,0,0.6666666666666666,0.6363636363636364,0.36363636363636365,1,0.6341463414634146,
350,...(((((.(........).)).)))................................((...(......(((((....)))))..)...))........,-9,-20,0,0.5,0.45454545454545453,0.36363636363636365,0,0.7317073170731707,
351,...(.(((((........)))).).)................................((...(......(((((....)))))..)...))........,-5,-25,0,0.8333333333333334,0.45454545454545453,0.36363636363636365,0,0.7439024390243902,
352,...((((.((........)).).)))................................((...(......(((((....)))))..)...))........,-8,-21,0,0.5833333333333334,0.5454545454545454,0.36363636363636365,0,1.0,
353,...(((((((........)))).)))..............................((((...(......(((((....)))))..)...))))......,57,94,1,0.09090909090909091,0.3,0.3,1,0.0,<-- taken
354,...(((((((........)))).))).............................(.(((...(......(((((....)))))..)...))).).....,56,95,1,0.18181818181818182,0.3,0.3,0,0.1566265060240964,
355,...(((((((........)))).)))............................(..(((...(......(((((....)))))..)...)))..)....,55,96,1,0.2727272727272727,0.3,0.3,0,0.3975903614457832,
356,...((((((..........))).)))...............................(((...(......(((((....)))))..)...))).......,-10,-19,1,0.36363636363636365,0.4,0.3,1,0.4457831325301205,
357,....((((((........)))).))................................(((...(......(((((....)))))..)...))).......,-4,-26,0,0.9090909090909091,0.4,0.3,1,0.5903614457831325,
358,...((.((((........))))..))...............................(((...(......(((((....)))))..)...))).......,-6,-24,0,0.7272727272727273,0.6,0.3,1,0.5903614457831325,
359,...(((.(((........)))..)))...............................(((...(......(((((....)))))..)...))).......,-7,-22,1,0.6363636363636364,0.7,0.3,1,0.6385542168674699,
360,...(((((.(........).)).)))...............................(((...(......(((((....)))))..)...))).......,-9,-20,1,0.45454545454545453,0.5,0.3,0,0.7349397590361446,
361,...(.(((((........)))).).)...............................(((...(......(((((....)))))..)...))).......,-5,-25,0,0.8181818181818182,0.5,0.3,0,0.746987951807229,
362,...((((.((........)).).)))...............................(((...(......(((((....)))))..)...))).......,-8,-21,0,0.5454545454545454,0.6,0.3,0,1.0000000000000002,
363,...(((((((........)))).))).............................(((((...(......(((((....)))))..)...))))).....,56,95,1,0.1,0.2222222222222222,0.2222222222222222,1,0.0,<-- taken
364,...(((((((........)))).)))............................(.((((...(......(((((....)))))..)...)))).)....,55,96,1,0.2,0.2222222222222222,0.2222222222222222,0,0.4842105263157895,
365,...((((((..........))).)))..............................((((...(......(((((....)))))..)...))))......,-10,-19,1,0.3,0.4444444444444444,0.2222222222222222,1,0.5157894736842106,
366,....((((((........)))).))...............................((((...(......(((((....)))))..)...))))......,-4,-26,0,0.9,0.4444444444444444,0.2222222222222222,1,0.6421052631578947,
367,...((.((((........))))..))..............................((((...(......(((((....)))))..)...))))......,-6,-24,0,0.7,0.6666666666666666,0.2222222222222222,1,0.6421052631578947,
368,...(((.(((........)))..)))..............................((((...(......(((((....)))))..)...))))......,-7,-22,1,0.6,0.7777777777777778,0.2222222222222222,1,0.6842105263157895,
369,...(((((.(........).)).)))..............................((((...(......(((((....)))))..)...))))......,-9,-20,1,0.4,0.5555555555555556,0.2222222222222222,0,0.7684210526315789,
370,...(.(((((........)))).).)..............................((((...(......(((((....)))))..)...))))......,-5,-25,0,0.8,0.5555555555555556,0.2222222222222222,0,0.7789473684210526,
371,...((((.((........)).).)))..............................((((...(......(((((....)))))..)...))))......,-8,-21,0,0.5,0.6666666666666666,0.2222222222222222,0,1.0,
372,...(((((((........)))).)))............................((((((...(......(((((....)))))..)...))))))....,55,96,1,0.1111111111111111,0.125,0.125,1,0.0,
373,...((((((..........))).))).............................(((((...(......(((((....)))))..)...))))).....,-10,-19,1,0.2222222222222222,0.5,0.125,1,0.42500000000000004,<-- taken
374,....((((((........)))).))..............................(((((...(......(((((....)))))..)...))))).....,-4,-26,0,0.8888888888888888,0.5,0.125,1,0.575,
375,...((.((((........))))..)).............................(((((...(......(((((....)))))..)...))))).....,-6,-24,0,0.6666666666666666,0.75,0.125,1,0.575,
376,...(((.(((........)))..))).............................(((((...(......(((((....)))))..)...))))).....,-7,-22,1,0.5555555555555556,0.875,0.125,1,0.625,
377,...(((((.(........).)).))).............................(((((...(......(((((....)))))..)...))))).....,-9,-20,1,0.3333333333333333,0.625,0.125,0,0.7250000000000001,
378,...(.(((((........)))).).).............................(((((...(......(((((....)))))..)...))))).....,-5,-25,0,0.7777777777777778,0.625,0.125,0,0.7375,
379,...((((.((........)).).))).............................(((((...(......(((((....)))))..)...))))).....,-8,-21,1,0.4444444444444444,0.75,0.125,0,1.0,
380,...((((((..........))).)))............................((((((...(......(((((....)))))..)...))))))....,55,96,1,0.125,0.14285714285714285,0.42857142857142855,1,0.0,
381,...(((((............)).))).............................(((((...(......(((((....)))))..)...))))).....,-9,-20,1,0.125,0.5714285714285714,0.42857142857142855,1,0.2875,<-- taken
382,....(((((..........))).))..............................(((((...(......(((((....)))))..)...))))).....,-4,-26,0,0.75,0.5714285714285714,0.42857142857142855,1,0.575,
383,...((.(((..........)))..)).............................(((((...(......(((((....)))))..)...))))).....,-6,-24,0,0.5,0.8571428571428571,0.42857142857142855,1,0.575,
384,...(((.((..........))..))).............................(((((...(......(((((....)))))..)...))))).....,-7,-22,1,0.375,0.8571428571428571,0.42857142857142855,1,0.625,
385,...(.((((..........))).).).............................(((((...(......(((((....)))))..)...))))).....,-5,-25,0,0.625,0.7142857142857143,0.42857142857142855,0,0.7375,
386,...((((.(..........).).))).............................(((((...(......(((((....)))))..)...))))).....,-8,-21,0,0.25,0.7142857142857143,0.42857142857142855,0,1.0,
387,...(((((............)).)))............................((((((...(......(((((....)))))..)...))))))....,55,96,1,0.14285714285714285,0.16666666666666666,0.5,1,0.0,
388,....((((............)).))..............................(((((...(......(((((....)))))..)...))))).....,-4,-26,0,0.7142857142857143,0.6666666666666666,0.5,1,0.7796610169491525,
389,...((.((............))..)).............................(((((...(......(((((....)))))..)...))))).....,-6,-24,0,0.42857142857142855,0.8333333333333334,0.5,1,0.7796610169491525,
390,...((((..............).))).............................(((((...(......(((((....)))))..)...))))).....,-8,-21,1,0.14285714285714285,0.6666666666666666,0.5,1,0.7796610169491525,<-- taken
391,...(((.(............)..))).............................(((((...(......(((((....)))))..)...))))).....,-7,-22,1,0.2857142857142857,0.8333333333333334,0.5,1,0.847457627118644,
392,...(.(((............)).).).............................(((((...(......(((((....)))))..)...))))).....,-5,-25,0,0.5714285714285714,0.8333333333333334,0.5,0,1.0,
393,...(((.................))).............................(((((...(......(((((....)))))..)...))))).....,-7,-22,1,0.16666666666666666,0.8,0.6,0,0.0,<-- taken
394,...((((..............).)))............................((((((...(......(((((....)))))..)...))))))....,55,96,1,0.16666666666666666,0.2,0.6,1,0.03278688524590162,
395,....(((..............).))..............................(((((...(......(((((....)))))..)...))))).....,-4,-26,0,0.6666666666666666,0.8,0.6,1,0.7868852459016393,
396,...((.(..............)..)).............................(((((...(......(((((....)))))..)...))))).....,-6,-24,0,0.3333333333333333,0.8,0.6,1,0.7868852459016393,
397,...(.((..............).).).............................(((((...(......(((((....)))))..)...))))).....,-5,-25,0,0.5,0.8,0.6,0,1.0,
398,...(((.................)))............................((((((...(......(((((....)))))..)...))))))....,55,96,1,0.2,0.25,0.75,1,0.0,<-- taken
399,....((.................))..............................(((((...(......(((((....)))))..)...))))).....,-4,-26,0,0.6,0.75,0.75,1,0.7796610169491525,
400,...((...................)).............................(((((...(......(((((....)))))..)...))))).....,-6,-24,0,0.2,0.75,0.75,1,0.9322033898305084,
401,...(.(.................).).............................(((((...(......(((((....)))))..)...))))).....,-5,-25,0,0.4,0.75,0.75,0,1.0,
402,.....................(......).........................((((((...(......(((((....)))))..)...))))))....,22,29,1,0.75,0.2,0.0,0,0.0,<-- taken
403,....................(........)........................((((((...(......(((((....)))))..)...))))))....,21,30,0,0.6875,0.2,0.0,0,0.30592734225621415,
404,.......(...................................)..........((((((...(......(((((....)))))..)...))))))....,8,44,0,0.125,0.5333333333333333,0.0,0,0.4894837476099427,
405,......................(....)..........................((((((...(......(((((....)))))..)...))))))....,23,28,0,0.8125,0.2,0.0,0,0.5353728489483747,
406,...........(...........................)..............((((((...(......(((((....)))))..)...))))))....,12,40,0,0.375,0.5333333333333333,0.0,0,0.592734225621415,
407,................(.................)...................((((((...(......(((((....)))))..)...))))))....,17,35,0,0.625,0.26666666666666666,0.0,0,0.8030592734225621,
408,.....(.......................................)........((((((...(......(((((....)))))..)...))))))....,6,46,0,0.0625,0.4,0.0,0,0.8183556405353729,
409,..........(.............................).............((((((...(......(((((....)))))..)...))))))....,11,41,0,0.3125,0.4666666666666667,0.0,0,0.841300191204589,
410,...............(...................)..................((((((...(......(((((....)))))..)...))))))....,16,36,0,0.5625,0.3333333333333333,0.0,0,0.841300191204589,
411,.............(.......................)................((((((...(......(((((....)))))..)...))))))....,14,38,0,0.4375,0.4666666666666667,0.0,0,0.8604206500956024,
412,..............(.....................).................((((((...(......(((((....)))))..)...))))))....,15,37,0,0.5,0.4,0.0,0,0.8604206500956024,
413,.........(...............................)............((((((...(......(((((....)))))..)...))))))....,10,42,0,0.25,0.4666666666666667,0.0,0,0.9426386233269599,
414,...(...........................................)......((((((...(......(((((....)))))..)...))))))....,4,48,0,0.125,0.26666666666666666,0.0,0,0.97131931166348,
415,........(.................................)...........((((((...(......(((((....)))))..)...))))))....,9,43,0,0.1875,0.4666666666666667,0.0,0,0.9751434034416826,
416,....(.........................................).......((((((...(......(((((....)))))..)...))))))....,5,47,0,0.0625,0.3333333333333333,0.0,0,1.0,
417,....................((......))........................((((((...(......(((((....)))))..)...))))))....,21,30,1,0.06666666666666667,0.14285714285714285,0.14285714285714285,1,0.0,<-- taken
418,.....................((....)).........................((((((...(......(((((....)))))..)...))))))....,23,28,1,0.06666666666666667,0.14285714285714285,0.14285714285714285,1,0.20454545454545453,
419,.......(.............(......)..............)..........((((((...(......(((((....)))))..)...))))))....,8,44,0,0.6666666666666666,0.5714285714285714,0.14285714285714285,0,0.75,
420,...........(.........(......)..........)..............((((((...(......(((((....)))))..)...))))))....,12,40,0,0.4,0.5714285714285714,0.14285714285714285,0,0.75,
421,................(....(......).....)...................((((((...(......(((((....)))))..)...))))))....,17,35,0,0.13333333333333333,0.2857142857142857,0.14285714285714285,0,0.8181818181818181,
422,.....(...............(......)................)........((((((...(......(((((....)))))..)...))))))....,6,46,0,0.7333333333333333,0.42857142857142855,0.14285714285714285,0,0.8556818181818181,
423,..............(......(......).......).................((((((...(......(((((....)))))..)...))))))....,15,37,0,0.26666666666666666,0.42857142857142855,0.14285714285714285,0,0.8636363636363636,
424,...............(.....(......)......)..................((((((...(......(((((....)))))..)...))))))....,16,36,0,0.2,0.35714285714285715,0.14285714285714285,0,0.8636363636363636,
425,.............(.......(......)........)................((((((...(......(((((....)))))..)...))))))....,14,38,0,0.3333333333333333,0.5,0.14285714285714285,0,0.8863636363636364,
426,..........(..........(......)...........).............((((((...(......(((((....)))))..)...))))))....,11,41,0,0.4666666666666667,0.5,0.14285714285714285,0,0.9204545454545454,
427,........(............(......).............)...........((((((...(......(((((....)))))..)...))))))....,9,43,0,0.6,0.5,0.14285714285714285,0,0.9545454545454545,
428,.........(...........(......)............)............((((((...(......(((((....)))))..)...))))))....,10,42,0,0.5333333333333333,0.5,0.14285714285714285,0,0.9545454545454545,
429,...(.................(......)..................)......((((((...(......(((((....)))))..)...))))))....,4,48,0,0.8666666666666667,0.2857142857142857,0.14285714285714285,0,0.9613636363636363,
430,....(................(......).................).......((((((...(......(((((....)))))..)...))))))....,5,47,0,0.8,0.35714285714285715,0.14285714285714285,0,1.0,
431,....................(((....)))........................((((((...(......(((((....)))))..)...))))))....,23,28,1,0.07142857142857142,0.07692307692307693,0.07692307692307693,1,0.0,<-- taken
432,.......(............((......)).............)..........((((((...(......(((((....)))))..)...))))))....,8,44,0,0.6428571428571429,0.6153846153846154,0.07692307692307693,0,0.623946037099494,
433,...........(........((......)).........)..............((((((...(......(((((....)))))..)...))))))....,12,40,0,0.35714285714285715,0.6153846153846154,0.07692307692307693,0,0.623946037099494,
434,................(...((......))....)...................((((((...(......(((((....)))))..)...))))))....,17,35,0,0.07142857142857142,0.3076923076923077,0.07692307692307693,0,0.6913996627318718,
435,..............(.....((......))......).................((((((...(......(((((....)))))..)...))))))....,15,37,0,0.21428571428571427,0.46153846153846156,0.07692307692307693,0,0.775716694772344,
436,...............(....((......)).....)..................((((((...(......(((((....)))))..)...))))))....,16,36,0,0.14285714285714285,0.38461538461538464,0.07692307692307693,0,0.775716694772344,
437,.....(..............((......))...............)........((((((...(......(((((....)))))..)...))))))....,6,46,0,0.7142857142857143,0.46153846153846156,0.07692307692307693,0,0.7925801011804384,
438,.............(......((......)).......)................((((((...(......(((((....)))))..)...))))))....,14,38,0,0.2857142857142857,0.5384615384615384,0.07692307692307693,0,0.8263069139966273,
439,..........(.........((......))..........).............((((((...(......(((((....)))))..)...))))))....,11,41,0,0.42857142857142855,0.5384615384615384,0.07692307692307693,0,0.8768971332209106,
440,........(...........((......))............)...........((((((...(......(((((....)))))..)...))))))....,9,43,0,0.5714285714285714,0.5384615384615384,0.07692307692307693,0,0.9274873524451939,
441,.........(..........((......))...........)............((((((...(......(((((....)))))..)...))))))....,10,42,0,0.5,0.5384615384615384,0.07692307692307693,0,0.9274873524451939,
442,...(................((......)).................)......((((((...(......(((((....)))))..)...))))))....,4,48,0,0.8571428571428571,0.3076923076923077,0.07692307692307693,0,0.9443507588532882,
443,....(...............((......))................).......((((((...(......(((((....)))))..)...))))))....,5,47,0,0.7857142857142857,0.38461538461538464,0.07692307692307693,0,0.9999999999999999,
444,.......(............(((....))).............)..........((((((...(......(((((....)))))..)...))))))....,8,44,1,0.6923076923076923,0.6666666666666666,0.0,0,0.0,<-- taken
445,...........(........(((....))).........)..............((((((...(......(((((....)))))..)...))))))....,12,40,1,0.38461538461538464,0.6666666666666666,0.0,0,0.0,
446,................(...(((....)))....)...................((((((...(......(((((....)))))..)...))))))....,17,35,0,0.07692307692307693,0.3333333333333333,0.0,0,0.17937219730941711,
447,..............(.....(((....)))......).................((((((...(......(((((....)))))..)...))))))....,15,37,0,0.23076923076923078,0.5,0.0,0,0.4035874439461884,
448,...............(....(((....))).....)..................((((((...(......(((((....)))))..)...))))))....,16,36,0,0.15384615384615385,0.4166666666666667,0.0,0,0.4035874439461884,
449,.....(..............(((....)))...............)........((((((...(......(((((....)))))..)...))))))....,6,46,0,0.7692307692307693,0.5,0.0,0,0.44843049327354256,
450,.............(......(((....))).......)................((((((...(......(((((....)))))..)...))))))....,14,38,0,0.3076923076923077,0.5833333333333334,0.0,0,0.5381165919282511,
451,..........(.........(((....)))..........).............((((((...(......(((((....)))))..)...))))))....,11,41,0,0.46153846153846156,0.5833333333333334,0.0,0,0.6726457399103138,
452,........(...........(((....)))............)...........((((((...(......(((((....)))))..)...))))))....,9,43,0,0.6153846153846154,0.5833333333333334,0.0,0,0.8071748878923766,
453,.........(..........(((....)))...........)............((((((...(......(((((....)))))..)...))))))....,10,42,0,0.5384615384615384,0.5833333333333334,0.0,0,0.8071748878923766,
454,...(................(((....))).................)......((((((...(......(((((....)))))..)...))))))....,4,48,0,0.9230769230769231,0.3333333333333333,0.0,0,0.852017937219731,
455,....(...............(((....)))................).......((((((...(......(((((....)))))..)...))))))....,5,47,0,0.8461538461538461,0.4166666666666667,0.0,0,1.0000000000000002,
456,.......((...........(((....)))............))..........((((((...(......(((((....)))))..)...))))))....,9,43,1,0.08333333333333333,0.5454545454545454,0.6363636363636364,1,0.0,<-- taken
457,.......(...(........(((....))).........)...)..........((((((...(......(((((....)))))..)...))))))....,12,40,0,0.3333333333333333,0.6363636363636364,0.6363636363636364,0,0.6799999999999999,
458,.......(.(..........(((....)))...........).)..........((((((...(......(((((....)))))..)...))))))....,10,42,0,0.16666666666666666,0.5454545454545454,0.6363636363636364,0,0.7,
459,.......(..(.........(((....)))..........)..)..........((((((...(......(((((....)))))..)...))))))....,11,41,0,0.25,0.5454545454545454,0.6363636363636364,0,0.8,
460,....(..(............(((....))).............)..).......((((((...(......(((((....)))))..)...))))))....,5,47,0,0.16666666666666666,0.36363636363636365,0.6363636363636364,0,0.8200000000000001,
461,.....(.(............(((....))).............).)........((((((...(......(((((....)))))..)...))))))....,6,46,0,0.08333333333333333,0.45454545454545453,0.6363636363636364,0,0.8200000000000001,
462,...(...(............(((....))).............)...)......((((((...(......(((((....)))))..)...))))))....,4,48,0,0.25,0.2727272727272727,0.6363636363636364,0,0.92,
463,.......(........(...(((....)))....)........)..........((((((...(......(((((....)))))..)...))))))....,17,35,0,0.6666666666666666,0.36363636363636365,0.6363636363636364,0,0.96,
464,.......(.....(......(((....))).......).....)..........((((((...(......(((((....)))))..)...))))))....,14,38,0,0.4166666666666667,0.6363636363636364,0.6363636363636364,0,1.0,
465,.......(......(.....(((....)))......)......)..........((((((...(......(((((....)))))..)...))))))....,15,37,0,0.5,0.5454545454545454,0.6363636363636364,0,1.0,
466,.......(.......(....(((....))).....).......)..........((((((...(......(((((....)))))..)...))))))....,16,36,0,0.5833333333333334,0.45454545454545453,0.6363636363636364,0,1.0,
467,.......(((..........(((....)))...........)))..........((((((...(......(((((....)))))..)...))))))....,10,42,1,0.09090909090909091,0.5,0.5,1,0.0,<-- taken
468,.......((..(........(((....))).........)..))..........((((((...(......(((((....)))))..)...))))))....,12,40,1,0.2727272727272727,0.6,0.5,0,0.4418604651162791,
469,.......((.(.........(((....)))..........).))..........((((((...(......(((((....)))))..)...))))))....,11,41,1,0.18181818181818182,0.5,0.5,0,0.6744186046511628,
470,....(..((...........(((....)))............))..).......((((((...(......(((((....)))))..)...))))))....,5,47,0,0.18181818181818182,0.3,0.5,0,0.8139534883720929,
471,.....(.((...........(((....)))............)).)........((((((...(......(((((....)))))..)...))))))....,6,46,0,0.09090909090909091,0.4,0.5,0,0.8139534883720929,
472,...(...((...........(((....)))............))...)......((((((...(......(((((....)))))..)...))))))....,4,48,0,0.2727272727272727,0.3,0.5,0,0.930232558139535,
473,.......((.......(...(((....)))....).......))..........((((((...(......(((((....)))))..)...))))))....,17,35,0,0.6363636363636364,0.4,0.5,0,0.9767441860465116,
474,.......((....(......(((....))).......)....))..........((((((...(......(((((....)))))..)...))))))....,14,38,0,0.36363636363636365,0.7,0.5,0,1.0,
475,.......((.....(.....(((....)))......).....))..........((((((...(......(((((....)))))..)...))))))....,15,37,0,0.45454545454545453,0.6,0.5,0,1.0,
476,.......((......(....(((....))).....)......))..........((((((...(......(((((....)))))..)...))))))....,16,36,0,0.5454545454545454,0.5,0.5,0,1.0,
477,.......((((.........(((....)))..........))))..........((((((...(......(((((....)))))..)...))))))....,11,41,1,0.1,0.4444444444444444,0.4444444444444444,1,0.0,<-- taken
478,.......(((.(........(((....))).........).)))..........((((((...(......(((((....)))))..)...))))))....,12,40,1,0.2,0.5555555555555556,0.4444444444444444,0,0.38636363636363635,
479,....(..(((..........(((....)))...........)))..).......((((((...(......(((((....)))))..)...))))))....,5,47,1,0.2,0.3333333333333333,0.4444444444444444,0,0.8409090909090908,
480,.....(.(((..........(((....)))...........))).)........((((((...(......(((((....)))))..)...))))))....,6,46,1,0.1,0.3333333333333333,0.4444444444444444,0,0.8409090909090908,
481,...(...(((..........(((....)))...........)))...)......((((((...(......(((((....)))))..)...))))))....,4,48,1,0.3,0.3333333333333333,0.4444444444444444,0,0.9545454545454546,
482,.......(((...(......(((....))).......)...)))..........((((((...(......(((((....)))))..)...))))))....,14,38,1,0.3,0.6666666666666666,0.4444444444444444,0,0.9772727272727273,
483,.......(((......(...(((....)))....)......)))..........((((((...(......(((((....)))))..)...))))))....,17,35,1,0.6,0.4444444444444444,0.4444444444444444,0,0.9772727272727273,
484,.......(((....(.....(((....)))......)....)))..........((((((...(......(((((....)))))..)...))))))....,15,37,1,0.4,0.6666666666666666,0.4444444444444444,0,1.0,
485,.......(((.....(....(((....))).....).....)))..........((((((...(......(((((....)))))..)...))))))....,16,36,1,0.5,0.5555555555555556,0.4444444444444444,0,1.0,
486,.......(((((........(((....))).........)))))..........((((((...(......(((((....)))))..)...))))))....,12,40,1,0.1111111111111111,0.5,0.375,1,0.0,<-- taken
487,.......((((..(......(((....))).......)..))))..........((((((...(......(((((....)))))..)...))))))....,14,38,1,0.2222222222222222,0.625,0.375,0,0.8448275862068966,
488,....(..((((.........(((....)))..........))))..).......((((((...(......(((((....)))))..)...))))))....,5,47,1,0.2222222222222222,0.375,0.375,0,0.896551724137931,
489,.....(.((((.........(((....)))..........)))).)........((((((...(......(((((....)))))..)...))))))....,6,46,1,0.1111111111111111,0.375,0.375,0,0.896551724137931,
490,...(...((((.........(((....)))..........))))...)......((((((...(......(((((....)))))..)...))))))....,4,48,1,0.3333333333333333,0.375,0.375,0,0.9827586206896551,
491,.......((((...(.....(((....)))......)...))))..........((((((...(......(((((....)))))..)...))))))....,15,37,1,0.3333333333333333,0.625,0.375,0,0.9827586206896551,
492,.......((((.....(...(((....)))....).....))))..........((((((...(......(((((....)))))..)...))))))....,17,35,1,0.5555555555555556,0.5,0.375,0,0.9827586206896551,
493,.......((((....(....(((....))).....)....))))..........((((((...(......(((((....)))))..)...))))))....,16,36,1,0.4444444444444444,0.625,0.375,0,1.0,
494,.......(((((.(......(((....))).......).)))))..........((((((...(......(((((....)))))..)...))))))....,14,38,1,0.125,0.5714285714285714,0.42857142857142855,0,0.0,
495,.......(((((..(.....(((....)))......)..)))))..........((((((...(......(((((....)))))..)...))))))....,15,37,1,0.25,0.5714285714285714,0.42857142857142855,0,0.41666666666666674,
496,....(..(((((........(((....))).........)))))..).......((((((...(......(((((....)))))..)...))))))....,5,47,1,0.25,0.42857142857142855,0.42857142857142855,0,0.5833333333333335,<-- taken
497,.....(.(((((........(((....))).........))))).)........((((((...(......(((((....)))))..)...))))))....,6,46,1,0.125,0.42857142857142855,0.42857142857142855,0,0.5833333333333335,
498,.......(((((...(....(((....))).....)...)))))..........((((((...(......(((((....)))))..)...))))))....,16,36,1,0.375,0.5714285714285714,0.42857142857142855,0,0.9166666666666667,
499,.......(((((....(...(((....)))....)....)))))..........((((((...(......(((((....)))))..)...))))))....,17,35,1,0.5,0.5714285714285714,0.42857142857142855,0,0.9166666666666667,
500,...(...(((((........(((....))).........)))))...)......((((((...(......(((((....)))))..)...))))))....,4,48,1,0.375,0.42857142857142855,0.42857142857142855,0,1.0000000000000002,
501,...((..(((((........(((....))).........)))))..))......((((((...(......(((((....)))))..)...))))))....,4,48,1,0.14285714285714285,0.3333333333333333,0.3333333333333333,1,0.0,<-- taken
502,....((.(((((........(((....))).........))))).)).......((((((...(......(((((....)))))..)...))))))....,6,46,1,0.14285714285714285,0.3333333333333333,0.3333333333333333,1,0.22222222222222224,
503,....(..(((((.(......(((....))).......).)))))..).......((((((...(......(((((....)))))..)...))))))....,14,38,1,0.2857142857142857,0.6666666666666666,0.3333333333333333,0,0.7555555555555555,
504,....(..(((((..(.....(((....)))......)..)))))..).......((((((...(......(((((....)))))..)...))))))....,15,37,1,0.42857142857142855,0.6666666666666666,0.3333333333333333,0,0.8666666666666667,
505,....(..(((((...(....(((....))).....)...)))))..).......((((((...(......(((((....)))))..)...))))))....,16,36,1,0.5714285714285714,0.6666666666666666,0.3333333333333333,0,1.0,
506,....(..(((((....(...(((....)))....)....)))))..).......((((((...(......(((((....)))))..)...))))))....,17,35,1,0.7142857142857143,0.6666666666666666,0.3333333333333333,0,1.0,
507,...(((.(((((........(((....))).........))))).)))......((((((...(......(((((....)))))..)...))))))....,6,46,1,0.16666666666666666,0.2,0.2,1,0.0,
508,...((..(((((.(......(((....))).......).)))))..))......((((((...(......(((((....)))))..)...))))))....,14,38,1,0.3333333333333333,0.8,0.2,0,0.6857142857142857,<-- taken
509,...((..(((((..(.....(((....)))......)..)))))..))......((((((...(......(((((....)))))..)...))))))....,15,37,1,0.5,0.8,0.2,0,0.8285714285714285,
510,...((..(((((...(....(((....))).....)...)))))..))......((((((...(......(((((....)))))..)...))))))....,16,36,1,0.6666666666666666,0.8,0.2,0,1.0,
511,...((..(((((....(...(((....)))....)....)))))..))......((((((...(......(((((....)))))..)...))))))....,17,35,1,0.8333333333333334,0.8,0.2,0,1.0,
512,...((..(((((.((.....(((....)))......)).)))))..))......((((((...(......(((((....)))))..)...))))))....,15,37,1,0.2,0.75,0.75,1,0.0,<-- taken
513,...(((.(((((.(......(((....))).......).))))).)))......((((((...(......(((((....)))))..)...))))))....,6,46,1,0.2,0.25,0.75,1,0.19444444444444445,
514,...((..(((((.(.(....(((....))).....).).)))))..))......((((((...(......(((((....)))))..)...))))))....,16,36,1,0.4,0.75,0.75,0,0.8333333333333334,
515,...((..(((((.(..(...(((....)))....)..).)))))..))......((((((...(......(((((....)))))..)...))))))....,17,35,1,0.6,0.75,0.75,0,1.0,
