sequence,s,s2,eval,en_mean,en_std,add_delete
CUGACUCCGGGUGCCCCGUACACCGAGACCAAGCUCACCCUCCGGAUCCAAGCAACUGUUCAGUCGAGAUGGGUCAUGGGACGGAGUGCACAGGCCAAUG,(((((..........((((.(.(((.((((...(((.............................)))...)))).)))))))).))...))).......,(((((((((((((.......))))(((......))).(((....((((((.........((......))))))))..))).))))))...))).......,0.0,0.7,0.543,"[(6, 85, -240), (-21, -80, 110), (-25, -77, 240)]"
CUGACUCCGGGUGCCCCGUACACCGAGACCAAGCUCACCCUCCGGAUCCAAGCAACUGUUCAGUCGAGAUGGGUCAUGGGACGGAGUGCACAGGCCAAUG,(((((((((((((.......))))...........(.............................)...............))))))...))).......,(((((((((((((.......))))(((......))).(((....((((((.........((......))))))))..))).))))))...))).......,0.0,0.58,0.758,"[(-36, -66, -121), (27, 34, 220), (26, 35, 390)]"
CUGACUCCGGGUGCCCCGUACACCGAGACCAAGCUCACCCUCCGGAUCCAAGCAACUGUUCAGUCGAGAUGGGUCAUGGGACGGAGUGCACAGGCCAAUG,(((((((((((((.......))))(((......))).............................................))))))...))).......,(((((((((((((.......))))(((......))).(((....((((((.........((......))))))))..))).))))))...))).......,0.09,0.72,0.799,"[(61, 68, 150), (49, 71, 340), (40, 78, 342)]"
GAAAUGGUCCUACUCCGUAGCUUAAUGAUCCGAAGUCAGUAUCUGAUACACUCUUCAGGCCGGUAGCCCACAUCGCGCAGCCUUGUCGAUGAUCCACGCU,...((((.......))))..((...((..((((((...((((...))))...)))).)).))..))....(((((.(((....)))))))).........,....(((..(((((........((.((((.....)))).))(((((........)))))..))))).)))(((((.(((....)))))))).........,0.11,0.67,0.806,"[(-42, -46, 80), (-26, -62, 160), (-4, -18, 180)]"
GAAAUGGUCCUACUCCGUAGCUUAAUGAUCCGAAGUCAGUAUCUGAUACACUCUUCAGGCCGGUAGCCCACAUCGCGCAGCCUUGUCGAUGAUCCACGCU,...((((.......)))).......((..((((((...((((...))))...)))).)).))........(((((.(((....)))))))).........,....(((..(((((........((.((((.....)))).))(((((........)))))..))))).)))(((((.(((....)))))))).........,0.12,0.67,0.746,"[(-26, -62, 0), (-42, -46, 80), (-4, -18, 180)]"
GAAAUGGUCCUACUCCGUAGCUUAAUGAUCCGAAGUCAGUAUCUGAUACACUCUUCAGGCCGGUAGCCCACAUCGCGCAGCCUUGUCGAUGAUCCACGCU,...((((.......)))).......((((.....))))((((...)))).....................(((((.(((....)))))))).........,....(((..(((((........((.((((.....)))).))(((((........)))))..))))).)))(((((.(((....)))))))).........,0.0,0.68,0.794,"[(-42, -46, 80), (-4, -18, 180), (-39, -49, 360)]"
AUGACAGAGAAUGCCGACACGUCCUACCCAUGUCGUUGUUAGAGAACUGCCACGGGCGAGGACUUAAUGCACCGCCAAUAUAGUGAAAGCAAAACGAUCA,............((...(((.......((.((..((.(((....))).)))).)).((..(.(.....))..))........)))...))..........,...............................((((((........((((.....((((..(.(.....))..))))....))))........))))))..,0.0,0.64,0.523,"[(56, 75, -330), (-40, -45, 100), (-36, -49, 170)]"
AUGACAGAGAAUGCCGACACGUCCUACCCAUGUCGUUGUUAGAGAACUGCCACGGGCGAGGACUUAAUGCACCGCCAAUAUAGUGAAAGCAAAACGAUCA,...............................(((((.(((....))).))....((((..(.(.....))..))))...................)))..,...............................((((((........((((.....((((..(.(.....))..))))....))))........))))))..,0.2,0.64,0.859,"[(-40, -45, 100), (-36, -49, 170), (-35, -50, 350)]"
AUGACAGAGAAUGCCGACACGUCCUACCCAUGUCGUUGUUAGAGAACUGCCACGGGCGAGGACUUAAUGCACCGCCAAUAUAGUGAAAGCAAAACGAUCA,...............................((((..(((....)))..)....((((..(.(.....))..))))...................)))..,...............................((((((........((((.....((((..(.(.....))..))))....))))........))))))..,0.0,0.62,0.774,"[(-35, -50, -40), (-40, -45, 100), (-39, -46, 430)]"
GCAUGUUUGGGCAGUCCCUGCGUCCGGUACUGCAUCGUUGCGCUCGGUGCACAUAUUAUGCCCCGGCCUCCUUUGCGAAACGAAGGUACAUUACACCUGG,....(((.(((.........((.((((...((((....)))).))))))...........))).)))..((((((.....))))))..............,(((...((((((((...))))..))))...))).(((((((((.(((.(((.......))).))))).......)))..))))((((.......))))..,0.0,0.7,0.814,"[(-7, -65, 140), (-22, -48, 160), (-31, -42, 160)]"
GCAUGUUUGGGCAGUCCCUGCGUCCGGUACUGCAUCGUUGCGCUCGGUGCACAUAUUAUGCCCCGGCCUCCUUUGCGAAACGAAGGUACAUUACACCUGG,..........((((...))))....((...((((....)))).))...(((.......)))........((((((.....))))))..............,(((...((((((((...))))..))))...))).(((((((((.(((.(((.......))).))))).......)))..))))((((.......))))..,0.0,0.67,0.776,"[(46, 64, 40), (47, 63, 40), (-31, -42, 160)]"
GCAUGUUUGGGCAGUCCCUGCGUCCGGUACUGCAUCGUUGCGCUCGGUGCACAUAUUAUGCCCCGGCCUCCUUUGCGAAACGAAGGUACAUUACACCUGG,(((...((((((((...))))..))))...)))........((.(((.(((.......))).)))))...(((((.....)))))...............,(((...((((((((...))))..))))...))).(((((((((.(((.(((.......))).))))).......)))..))))((((.......))))..,0.71,0.7,0.893,"[(-75, -81, 250), (-71, -85, 310), (-74, -82, 390)]"
UCUGGAUCCUCCCGGACUGUGUAAAUCGUUUUAGUCGACCCCGACAGCGUCUCCUUUCAUCAGCGCCCACCCCAUGCUAUUUCGAGGCCAGGCAGACGGG,(((((......))))).....((((....))))...(....)....((....((((.....((((.........)))).....))))....)).......,(((((......))))).....((((....))))((((....))))..((((((((.......(.((((...............).))))))).)))))..,0.0,0.66,0.576,"[(36, 43, -240), (-65, -75, 20), (34, 45, 150)]"
UCUGGAUCCUCCCGGACUGUGUAAAUCGUUUUAGUCGACCCCGACAGCGUCUCCUUUCAUCAGCGCCCACCCCAUGCUAUUUCGAGGCCAGGCAGACGGG,(((((......))))).....((((....)))).(((....)))..((....((((.....((((.........)))).....))))....)).......,(((((......))))).....((((....))))((((....))))..((((((((.......(.((((...............).))))))).)))))..,0.0,0.66,0.485,"[(34, 45, -360), (-65, -75, 20), (-56, -84, 150)]"
UCUGGAUCCUCCCGGACUGUGUAAAUCGUUUUAGUCGACCCCGACAGCGUCUCCUUUCAUCAGCGCCCACCCCAUGCUAUUUCGAGGCCAGGCAGACGGG,(((((......))))).....((((....))))((((....)))).......((((.....((((.........)))).....)))).............,(((((......))))).....((((....))))((((....))))..((((((((.......(.((((...............).))))))).)))))..,0.31,0.71,0.718,"[(-65, -75, 20), (-56, -84, 150), (-62, -78, 160)]"
GGUUACCCCAAUCAUGGGGAGGGCAAGGUUGCGAUGUAAUGCGAAAAUCGGUAAUUCGGCGUAUAAGACAGGCCCUCUUACCAAUACCGUUGCCGACAGC,(.((.(((((....))))).)).)...((((((..((((((.(...((.(((((...(((...........)))...))))).)).))))))))).)))),.....(((((....)))))..(((((((((((........)))......(((((...(((...........)))...)))))...))).)))))......,0.39,0.66,0.833,"[(-4, -21, 100), (-43, -87, 110), (-33, -94, 190)]"
GGUUACCCCAAUCAUGGGGAGGGCAAGGUUGCGAUGUAAUGCGAAAAUCGGUAAUUCGGCGUAUAAGACAGGCCCUCUUACCAAUACCGUUGCCGACAGC,(.((.(((((....))))).)).).............((((.(......(((((...(((...........)))...)))))....))))).........,.....(((((....)))))..(((((((((((........)))......(((((...(((...........)))...)))))...))).)))))......,0.25,0.62,0.839,"[(-43, -87, 40), (-4, -21, 100), (-38, -91, 100)]"
GGUUACCCCAAUCAUGGGGAGGGCAAGGUUGCGAUGUAAUGCGAAAAUCGGUAAUUCGGCGUAUAAGACAGGCCCUCUUACCAAUACCGUUGCCGACAGC,(.((.(((((....))))).)).).........................(((((...(((...........)))...)))))..................,.....(((((....)))))..(((((((((((........)))......(((((...(((...........)))...)))))...))).)))))......,0.27,0.76,0.724,"[(-4, -21, 100), (-3, -22, 270), (-1, -24, 280)]"
GAGACCGAUACGAUUAAGCCAGAAUUCCAAUGAUUUGGGGAUCGGGGCUGUUUAGUCUCGUUUAAUCCCGGCGAUGUCUGGGUCAUAUUGUCCGUUAACC,(.((.(((((.(((.......((.((((((....)))))).))((((((....))))))..........((......))..))).)))))))).......,.((((.((.((.....((((.((.((((((....)))))).))..)))).....)).))))))...(((((......)))))..................,0.0,0.65,0.569,"[(69, 80, -260), (68, 81, 0), (-1, -93, 20)]"
GAGACCGAUACGAUUAAGCCAGAAUUCCAAUGAUUUGGGGAUCGGGGCUGUUUAGUCUCGUUUAAUCCCGGCGAUGUCUGGGUCAUAUUGUCCGUUAACC,(.((.((((..(....((((.((.((((((....)))))).))..)))).................(((((......))))).)..))))))).......,.((((.((.((.....((((.((.((((((....)))))).))..)))).....)).))))))...(((((......)))))..................,0.0,0.63,0.698,"[(-12, -84, -120), (-1, -93, 20), (-9, -87, 140)]"
GAGACCGAUACGAUUAAGCCAGAAUUCCAAUGAUUUGGGGAUCGGGGCUGUUUAGUCUCGUUUAAUCCCGGCGAUGUCUGGGUCAUAUUGUCCGUUAACC,(.((.((((.......((((.((.((((((....)))))).))..)))).................(((((......)))))....))))))).......,.((((.((.((.....((((.((.((((((....)))))).))..)))).....)).))))))...(((((......)))))..................,0.11,0.64,0.797,"[(-1, -93, 20), (11, 55, 70), (-9, -87, 130)]"
GCAUCAUUUCAAUACCAUGUUGAAGGGACUGUCGGCGUUUGGGAUACAUUAAGCUCUGCGCUGAUGCGGCGGUAGGUAUUACUGUAGCAGAUCCGAAUCA,.((...((((((((...))))))))....))((((.(((((....(((..((.......((((...))))........))..)))..)))))))))....,......((((((((...))))))))(((((((((((((..(((..........))).))))))))((.((((((.....)))))).)))).)))......,0.1,0.68,0.824,"[(-32, -96, 120), (-63, -67, 140), (-3, -30, 170)]"
GCAUCAUUUCAAUACCAUGUUGAAGGGACUGUCGGCGUUUGGGAUACAUUAAGCUCUGCGCUGAUGCGGCGGUAGGUAUUACUGUAGCAGAUCCGAAUCA,.((...((((((((...))))))))....))((((.(((((...................(((...))).((((.....))))....)))))))))....,......((((((((...))))))))(((((((((((((..(((..........))).))))))))((.((((((.....)))))).)))).)))......,0.0,0.66,0.591,"[(70, 84, -220), (-32, -96, 120), (-63, -67, 140)]"
GCAUCAUUUCAAUACCAUGUUGAAGGGACUGUCGGCGUUUGGGAUACAUUAAGCUCUGCGCUGAUGCGGCGGUAGGUAUUACUGUAGCAGAUCCGAAUCA,.((...((((((((...))))))))....))(((((((..(((..........))).)))))...((.((((((.....)))))).))......))....,......((((((((...))))))))(((((((((((((..(((..........))).))))))))((.((((((.....)))))).)))).)))......,0.0,0.62,0.903,"[(-32, -96, 120), (-3, -30, 170), (-2, -31, 290)]"
UCUUACACACGAGGGGCCUGUCGUCGGUAAUUGGCCACGAAAGAGUAAACCACUGCAAACUGGUUAGACGAUGAUGCUGGUUAGCAAGCGCCAUGAGCGA,.....(.(.((.((.((..((.((((((.....)))...........(((((........))))).))).))..((((....)))).)).)).)).).).,.(((......)))((((((.((((.(((.....))))))).)).))...))..(((.(((((((...........))))))).))).((.......))..,0.05,0.68,0.765,"[(-6, -99, 40), (-75, -86, 90), (-48, -65, 120)]"
UCUUACACACGAGGGGCCUGUCGUCGGUAAUUGGCCACGAAAGAGUAAACCACUGCAAACUGGUUAGACGAUGAUGCUGGUUAGCAAGCGCCAUGAGCGA,.........((.((.((((.((((.(((.....))))))).))..........(((.(((((((...........))))))).))).)).)).)).....,.(((......)))((((((.((((.(((.....))))))).)).))...))..(((.(((((((...........))))))).))).((.......))..,0.0,0.7,0.871,"[(-10, -95, 220), (-11, -94, 240), (-17, -88, 330)]"
UCUUACACACGAGGGGCCUGUCGUCGGUAAUUGGCCACGAAAGAGUAAACCACUGCAAACUGGUUAGACGAUGAUGCUGGUUAGCAAGCGCCAUGAGCGA,.........((.((..(((.((((.(((.....))))))).))..........(((.(((((((...........))))))).))).)..)).)).....,.(((......)))((((((.((((.(((.....))))))).)).))...))..(((.(((((((...........))))))).))).((.......))..,0.0,0.66,0.758,"[(-17, -88, 0), (-10, -95, 220), (-11, -94, 240)]"
UGCAAUCCUGCCUAUCGAAAGCUCUGAAUUAAAUGAUGAAGGCAGCUCCUUAUUUAAAGUACGUUUACCGUCGGGAAUCUCUCAACAGACGAUUAGCCGC,.......(((((((((..................)))..)))))).................................((((....))).).........,.((.....(((((..........................)))))))......................((((.(...........).)))).........,0.0,0.64,0.75,"[(-79, -91, -40), (-14, -37, 100), (-82, -87, 100)]"
UGCAAUCCUGCCUAUCGAAAGCUCUGAAUUAAAUGAUGAAGGCAGCUCCUUAUUUAAAGUACGUUUACCGUCGGGAAUCUCUCAACAGACGAUUAGCCGC,.......(((((((((..................)))..)))))).......................................................,.((.....(((((..........................)))))))......................((((.(...........).)))).........,0.2,0.68,0.809,"[(-14, -37, 100), (-8, -45, 230), (74, 86, 270)]"
AUGAGGCCGGCACCACUGAACCCGAUCGUCGUCCGGAAUUUAGAUGGUAGAAUCAAUCGCAAUAUGCGGACUUUUUUUCAGACAAAUGUAAGAUUGACAC,((((((.(((.....)))...))..)))).(((...........((((...))))..((((...))))))).............................,.(((..(.(.((...(((((.(((((....)).)))..))))).)).).)..)))..((((...))))..(..((((.((......)).))))..)....,0.36,0.69,0.79,"[(-1, -29, 90), (-45, -55, 90), (-48, -52, 110)]"
AUGAGGCCGGCACCACUGAACCCGAUCGUCGUCCGGAAUUUAGAUGGUAGAAUCAAUCGCAAUAUGCGGACUUUUUUUCAGACAAAUGUAAGAUUGACAC,..(.((.(((.....)))...))...)..................(((...)))...((((...))))................................,.(((..(.(.((...(((((.(((((....)).)))..))))).)).).)..)))..((((...))))..(..((((.((......)).))))..)....,0.0,0.69,0.565,"[(-3, -27, -220), (-48, -52, 110), (-46, -54, 280)]"
AUGAGGCCGGCACCACUGAACCCGAUCGUCGUCCGGAAUUUAGAUGGUAGAAUCAAUCGCAAUAUGCGGACUUUUUUUCAGACAAAUGUAAGAUUGACAC,.....................(((.........))).....................((((...))))................................,.(((..(.(.((...(((((.(((((....)).)))..))))).)).).)..)))..((((...))))..(..((((.((......)).))))..)....,0.05,0.73,0.808,"[(25, 32, 180), (79, 88, 330), (16, 43, 360)]"
CCCAGCCGCAGCGCAUUCCCUCAGGCCGGUUAUAACACAGAAAACCGGAUGCAGGACUGGUAAUAAUGUGUUAGCUUGCGUUCUAGCGACCGCUUUCGAG,...((((((((((((........(((......((.((((....(((((........))))).....)))).)))))))))))...)))...)))......,...(((...((((((((((..((..((((((...........)))))).))..))).........))))))).))).(((.((....)).))).......,0.08,0.71,0.789,"[(-4, -94, 120), (-10, -82, 140), (-44, -61, 170)]"
CCCAGCCGCAGCGCAUUCCCUCAGGCCGGUUAUAACACAGAAAACCGGAUGCAGGACUGGUAAUAAUGUGUUAGCUUGCGUUCUAGCGACCGCUUUCGAG,...((((((((((((........(((......((.((((.....((((........))))......)))).)))))))))))...)))...)))......,...(((...((((((((((..((..((((((...........)))))).))..))).........))))))).))).(((.((....)).))).......,0.08,0.71,0.789,"[(-4, -94, 120), (-10, -82, 140), (-34, -72, 200)]"
CCCAGCCGCAGCGCAUUCCCUCAGGCCGGUUAUAACACAGAAAACCGGAUGCAGGACUGGUAAUAAUGUGUUAGCUUGCGUUCUAGCGACCGCUUUCGAG,...((((((..((((((((......((((((...........)))))).....))).........)))))...............)))...)))......,...(((...((((((((((..((..((((((...........)))))).))..))).........))))))).))).(((.((....)).))).......,0.0,0.64,0.625,"[(11, 71, -200), (10, 72, 80), (-4, -94, 120)]"
UCCAGCGUUAUUCAGGGCAUCAUAAUAAGGUUUCCAGCGGCUAGAUGUAGUGGGGAGCACGGUAUCAAGCGAUUUUCCCGUGUGAGGGUGAGAACCUUAA,....((.((....)).)).......((((((((......(((.((((..(((.....)))..)))).)))...(..(((......)))..))))))))).,...(((.(((((..(.....)..))))).)))(((..(.((((....)))).)))).(((((.(((....)))....)))))(((((.......))))).,0.35,0.69,0.659,"[(-74, -91, -90), (-9, -14, 50), (-26, -99, 130)]"
UCCAGCGUUAUUCAGGGCAUCAUAAUAAGGUUUCCAGCGGCUAGAUGUAGUGGGGAGCACGGUAUCAAGCGAUUUUCCCGUGUGAGGGUGAGAACCUUAA,....((.((....)).)).......((((((((......((..(((...(((.....)))...)))..))......(((......)))...)))))))).,...(((.(((((..(.....)..))))).)))(((..(.((((....)))).)))).(((((.(((....)))....)))))(((((.......))))).,0.13,0.7,0.75,"[(-9, -14, 50), (-26, -99, 130), (-33, -92, 130)]"
UCCAGCGUUAUUCAGGGCAUCAUAAUAAGGUUUCCAGCGGCUAGAUGUAGUGGGGAGCACGGUAUCAAGCGAUUUUCCCGUGUGAGGGUGAGAACCUUAA,....((.((....)).)).......((((((((......((..(.....(((.....))).....)..))......(((......)))...)))))))).,...(((.(((((..(.....)..))))).)))(((..(.((((....)))).)))).(((((.(((....)))....)))))(((((.......))))).,0.0,0.69,0.681,"[(-44, -66, -60), (-9, -14, 50), (-26, -99, 130)]"
CAAUCUAGCAUCCUAACUCGGACUACCACUUGUUUUGGGUUCUGGCCAUUUAGGGUAUUCUACAAACAACGACUGUGAUAAGCACCCACCGGCAGCCGAC,.........(((((((.(((((...(((.......)))..)))))....)))))))..................((...............)).......,..............(((((((((........).)))))))).((((......((((...((....(((.....)))....)).)))).......))))..,0.17,0.69,0.79,"[(-18, -45, 90), (-16, -50, 100), (-28, -36, 120)]"
CAAUCUAGCAUCCUAACUCGGACUACCACUUGUUUUGGGUUCUGGCCAUUUAGGGUAUUCUACAAACAACGACUGUGAUAAGCACCCACCGGCAGCCGAC,.........(((((((.(((((...(((.......)))..)))))....)))))))..........(.......).........................,..............(((((((((........).)))))))).((((......((((...((....(((.....)))....)).)))).......))))..,0.0,0.66,0.629,"[(66, 76, -170), (68, 74, -140), (-18, -45, 90)]"
CAAUCUAGCAUCCUAACUCGGACUACCACUUGUUUUGGGUUCUGGCCAUUUAGGGUAUUCUACAAACAACGACUGUGAUAAGCACCCACCGGCAGCCGAC,...................(((...(((.......)))..)))(........((((...((....(((.....)))....)).)))).........)...,..............(((((((((........).)))))))).((((......((((...((....(((.....)))....)).)))).......))))..,0.0,0.62,0.524,"[(45, 96, -350), (46, 95, 20), (-28, -36, 120)]"
GACAAUGUAUCACUAAACAGCUGCAGUCGACCGUCAUUGCCUUGCGCGAGCACCUGAUAUUAUGGACGUCUCCAUCGAAACGGUUUUGAGAAUUUGUGUC,................((((........((((((........(((....))).........(((((....)))))....))))))........))))...,((((..((((((.......((.((((.(((......))).)).)))).......))))))..((((....))))((((((...)))))).......)))),0.47,0.71,0.754,"[(-20, -94, 70), (-43, -52, 80), (-62, -75, 100)]"
GACAAUGUAUCACUAAACAGCUGCAGUCGACCGUCAUUGCCUUGCGCGAGCACCUGAUAUUAUGGACGUCUCCAUCGAAACGGUUUUGAGAAUUUGUGUC,.................(..........((((((.........((....))..........(((((....)))))....))))))..........)....,((((..((((((.......((.((((.(((......))).)).)))).......))))))..((((....))))((((((...)))))).......)))),0.0,0.71,0.493,"[(-18, -96, -300), (-62, -75, 100), (-34, -80, 130)]"
GACAAUGUAUCACUAAACAGCUGCAGUCGACCGUCAUUGCCUUGCGCGAGCACCUGAUAUUAUGGACGUCUCCAUCGAAACGGUUUUGAGAAUUUGUGUC,...........................................((....))..........(((((....))))).........................,((((..((((((.......((.((((.(((......))).)).)))).......))))))..((((....))))((((((...)))))).......)))),0.04,0.79,0.696,"[(-62, -75, 100), (76, 88, 360), (-44, -51, 380)]"
UGUUAAUGGGCCUUCCUACGCCUACUCAUUCCAUAGAGACUCCUUCAAAGUAUGUAUAUCUCAGGCCAAGACAAUCACUAGCAUGCCAGGUAUAGCUCAA,.(((....(((((......((.((((.........(((.....)))..)))).)).......)))))..))).......(((((((...)))).)))...,......(((((........)))))(((........)))................(((((((..(((..................))))))))))......,0.0,0.69,0.79,"[(-38, -44, 90), (-80, -97, 110), (-13, -63, 150)]"
UGUUAAUGGGCCUUCCUACGCCUACUCAUUCCAUAGAGACUCCUUCAAAGUAUGUAUAUCUCAGGCCAAGACAAUCACUAGCAUGCCAGGUAUAGCUCAA,...................((.((((.........(((.....)))..)))).))........................(((((((...)))).)))...,......(((((........)))))(((........)))................(((((((..(((..................))))))))))......,0.0,0.67,0.813,"[(-38, -44, 90), (-80, -97, 110), (-26, -49, 160)]"
UGUUAAUGGGCCUUCCUACGCCUACUCAUUCCAUAGAGACUCCUUCAAAGUAUGUAUAUCUCAGGCCAAGACAAUCACUAGCAUGCCAGGUAUAGCUCAA,......(((((........)))))((.........(((.....)))..)).............................(((((((...)))).)))...,......(((((........)))))(((........)))................(((((((..(((..................))))))))))......,0.17,0.66,0.826,"[(-38, -44, 90), (-80, -97, 110), (-26, -49, 160)]"
UUAGACUCCCUCAUUCCCGUGAAAUAGAAGGGAUUGUAUUAGCCCCAAGCGGAAAUACGCCACGAUUAGCUCUUUACAAGGUGUCAAUCUCGCCAAAUCU,...(((..(.....((((...........))))(((((..(((.....(((......)))........)))...))))).).)))...............,..(((.((((((((....)))).......))))(((((..(((.....(.((.......)).).....)))..).))))((((.......))))...))),0.0,0.71,0.585,"[(-9, -81, -170), (-15, -33, 120), (-38, -75, 170)]"
UUAGACUCCCUCAUUCCCGUGAAAUAGAAGGGAUUGUAUUAGCCCCAAGCGGAAAUACGCCACGAUUAGCUCUUUACAAGGUGUCAAUCUCGCCAAAUCU,..............((((...........))))(((((..(((.....(((......)))........)))...)))))((((.......))))......,..(((.((((((((....)))).......))))(((((..(((.....(.((.......)).).....)))..).))))((((.......))))...))),0.0,0.72,0.778,"[(-15, -33, 120), (-38, -75, 170), (4, 99, 320)]"
UUAGACUCCCUCAUUCCCGUGAAAUAGAAGGGAUUGUAUUAGCCCCAAGCGGAAAUACGCCACGAUUAGCUCUUUACAAGGUGUCAAUCUCGCCAAAUCU,.................................(((((..(((.....(((......)))........)))...)))))((((.......))))......,..(((.((((((((....)))).......))))(((((..(((.....(.((.......)).).....)))..).))))((((.......))))...))),0.07,0.74,0.791,"[(-38, -75, 170), (12, 21, 250), (-49, -60, 350)]"
UCUACCGUGCCCCCUUAAGUUAAGGUGGAGCUACUUUGCUGUACGGCCAACCCUAAUUCUCUCGUCCUGCUUUUACUUACGAAUCGGGCAUGCCCUGCGG,.........(((((((.....)))).)).)..............(((....(((.((((.....................)))).)))...)))......,.....(((((((...(((((.((((((((((......))).((.((....)).))...........))))))).)))))......)))))))........,0.0,0.69,0.659,"[(-10, -30, -90), (-16, -22, 130), (-54, -86, 170)]"
UCUACCGUGCCCCCUUAAGUUAAGGUGGAGCUACUUUGCUGUACGGCCAACCCUAAUUCUCUCGUCCUGCUUUUACUUACGAAUCGGGCAUGCCCUGCGG,.....((((.((((((.....)))).))(((......)))...........(((.((((.....................)))).)))))))........,.....(((((((...(((((.((((((((((......))).((.((....)).))...........))))))).)))))......)))))))........,0.21,0.69,0.819,"[(-16, -22, 130), (-54, -86, 170), (-56, -84, 170)]"
UCUACCGUGCCCCCUUAAGUUAAGGUGGAGCUACUUUGCUGUACGGCCAACCCUAAUUCUCUCGUCCUGCUUUUACUUACGAAUCGGGCAUGCCCUGCGG,.....(((((((................(((......)))....((....)).................................)))))))........,.....(((((((...(((((.((((((((((......))).((.((....)).))...........))))))).)))))......)))))))........,0.14,0.78,0.769,"[(43, 54, 200), (42, 55, 300), (19, 76, 470)]"
CUAUCCGCUAGUAACUUUACUCUACGUGUGCGUCGAGUCUGCUUCAAACAAUCCCGUCCAGCAAAAUUGCUUGAUAGAACCGGCCCUGCUCCGCUAAUCU,........................((.(.((((((..((((..((((.((((...((...))...)))).))))))))..)))...))).))).......,......((..(((.........)))..))(((..((((..(((............(((.((((....)))).)))......)))...)))))))......,0.6,0.67,0.813,"[(-41, -75, 90), (-57, -61, 120), (-47, -71, 140)]"
CUAUCCGCUAGUAACUUUACUCUACGUGUGCGUCGAGUCUGCUUCAAACAAUCCCGUCCAGCAAAAUUGCUUGAUAGAACCGGCCCUGCUCCGCUAAUCU,........................((.(.((((((..((((..(((.............(((......))))))))))..)))...))).))).......,......((..(((.........)))..))(((..((((..(((............(((.((((....)))).)))......)))...)))))))......,0.0,0.67,0.679,"[(63, 68, -90), (-41, -75, 90), (-44, -74, 160)]"
CUAUCCGCUAGUAACUUUACUCUACGUGUGCGUCGAGUCUGCUUCAAACAAUCCCGUCCAGCAAAAUUGCUUGAUAGAACCGGCCCUGCUCCGCUAAUCU,......((..(((.........)))..))((.(((..(((...............(((.((((....)))).))))))..)))....))...........,......((..(((.........)))..))(((..((((..(((............(((.((((....)))).)))......)))...)))))))......,0.5,0.68,0.801,"[(-33, -83, 90), (-40, -76, 250), (-35, -81, 300)]"
CGAUUUCAAGUGUCGAGCUAUGUUCCCAGGCUGCUGGAGAAAGGAUCUCGGCGUGGCCCCAACUGCAAAGCAGUUAUAGACGGUUUUUUCGACUUGACAC,.........((((((((................((.((((.....)))).).).......((((((...)))))).....(((.....))).)))))))),.........((((((((.....(((((((....)))).)))......((((...((((..((((((...))))))......))))...)))))))))))),0.0,0.65,0.708,"[(-34, -53, -80), (-83, -89, 130), (-40, -46, 150)]"
CGAUUUCAAGUGUCGAGCUAUGUUCCCAGGCUGCUGGAGAAAGGAUCUCGGCGUGGCCCCAACUGCAAAGCAGUUAUAGACGGUUUUUUCGACUUGACAC,.........((((((((........((((....)))).((.....)).............((((((...)))))).....(((.....))).)))))))),.........((((((((.....(((((((....)))).)))......((((...((((..((((((...))))))......))))...)))))))))))),0.17,0.67,0.843,"[(-83, -89, 130), (-40, -46, 150), (-81, -91, 200)]"
CGAUUUCAAGUGUCGAGCUAUGUUCCCAGGCUGCUGGAGAAAGGAUCUCGGCGUGGCCCCAACUGCAAAGCAGUUAUAGACGGUUUUUUCGACUUGACAC,.........((((((((.....(((((((....)))).)))...................((((((...)))))).....(((.....))).)))))))),.........((((((((.....(((((((....)))).)))......((((...((((..((((((...))))))......))))...)))))))))))),0.0,0.69,0.819,"[(-83, -89, 130), (-81, -91, 200), (-82, -90, 510)]"
CAGGUAAAGGAGCACAUUGGCGUAAUGACAAUUUAGUCAGACCGACAAUCGGUAGGGUCGAGAAGGCAGUCAUUUCAGAUAAGUUUCCCAUAGCAUCCCU,........((((.((........................((((............)))).........(((......)))..))))))............,...........((....((((..(((....)))..)))).(((((...))))).(((......((((.(((......)))..)))))))...))......,0.16,0.72,0.819,"[(-12, -85, 180), (21, 36, 260), (-14, -84, 270)]"
CAGGUAAAGGAGCACAUUGGCGUAAUGACAAUUUAGUCAGACCGACAAUCGGUAGGGUCGAGAAGGCAGUCAUUUCAGAUAAGUUUCCCAUAGCAUCCCU,........((((.((..((((..(((....)))..))))..((............))...........(((......)))..))))))............,...........((....((((..(((....)))..)))).(((((...))))).(((......((((.(((......)))..)))))))...))......,0.2,0.71,0.831,"[(-12, -85, 180), (-14, -84, 270), (-42, -57, 290)]"
CCAACAGAUCCCACGAACUAGCUGCGGCUGAGUACCUAGCCUGGUCAGCACGUUCGGCUCGCAAAUUGGCUAGAGUUCUGGGUCGCCACCGUACCAUCUU,.....((((((((.(((((........................((.(((.(....)))).))...........))))))))).............)))).,.....((((...(((.....(..((((((.((.((((((((..((.(((.(....)))).)).....)))))).)).)).))))))..))))...)))).,0.13,0.73,0.84,"[(-19, -74, 226), (-13, -79, 270), (41, 68, 294)]"
CCAACAGAUCCCACGAACUAGCUGCGGCUGAGUACCUAGCCUGGUCAGCACGUUCGGCUCGCAAAUUGGCUAGAGUUCUGGGUCGCCACCGUACCAUCUU,.....((((((((.(((((................(....(..((.(((.(....)))).)).....)....)))))))))).............)))).,.....((((...(((.....(..((((((.((.((((((((..((.(((.(....)))).)).....)))))).)).)).))))))..))))...)))).,0.0,0.64,0.5,"[(40, 69, -360), (37, 72, -170), (39, 70, -70)]"
CCAACAGAUCCCACGAACUAGCUGCGGCUGAGUACCUAGCCUGGUCAGCACGUUCGGCUCGCAAAUUGGCUAGAGUUCUGGGUCGCCACCGUACCAUCUU,.....(((((((...................(...((((((..((.(((.(....)))).)).....))))))....).))).............)))).,.....((((...(((.....(..((((((.((.((((((((..((.(((.(....)))).)).....)))))).)).)).))))))..))))...)))).,0.0,0.61,0.623,"[(31, 79, -240), (35, 75, -140), (34, 76, 210)]"
AUUACCUUCAACACUGUGAACCUCCGACAGUUCGAACGCCGCGAUGAACGGCAUGCCGGGGUUCUUCCGACUUACCGAACUUUCAUGUUUCAUUCAACCC,...............(((((....((...((..((((.(((..(((.....)))..))).)))).....))....))....)))))..............,.........((((((((.........)))))..((((.(((..(((.....)))..))).))))...((......)).........)))...........,0.0,0.68,0.816,"[(-20, -82, 110), (-16, -86, 160), (-31, -70, 180)]"
AUUACCUUCAACACUGUGAACCUCCGACAGUUCGAACGCCGCGAUGAACGGCAUGCCGGGGUUCUUCCGACUUACCGAACUUUCAUGUUUCAUUCAACCC,...............(((((....((.......((((.(((..(((.....)))..))).))))...........))....)))))..............,.........((((((((.........)))))..((((.(((..(((.....)))..))).))))...((......)).........)))...........,0.2,0.69,0.804,"[(-20, -82, 110), (-16, -86, 160), (-25, -77, 260)]"
UUCCGCACUUUAGAGGGUGGGGUGCAGGCUCGGCUACCCGUGUUGUAUAUCGUGCGCGACAUACCAGGCACGCGUCGAAAAAAUGAGAGCUUUCUAGAUG,................((...((...(((.(((((....(((((((.........)))))))....))).)).)))......))....))..........,....((((((((.....))))))))(((((((((....((((((((((.(((....))).))))..)))))).)))..........))))))........,0.32,0.69,0.841,"[(-35, -67, 160), (-40, -62, 160), (-46, -56, 190)]"
UUCCGCACUUUAGAGGGUGGGGUGCAGGCUCGGCUACCCGUGUUGUAUAUCGUGCGCGACAUACCAGGCACGCGUCGAAAAAAUGAGAGCUUUCUAGAUG,..........((.....)).......(((.(((((....(((((((.........)))))))....))).)).)))........................,....((((((((.....))))))))(((((((((....((((((((((.(((....))).))))..)))))).)))..........))))))........,0.0,0.68,0.699,"[(10, 20, -50), (8, 22, 160), (-35, -67, 160)]"
UUCCGCACUUUAGAGGGUGGGGUGCAGGCUCGGCUACCCGUGUUGUAUAUCGUGCGCGACAUACCAGGCACGCGUCGAAAAAAUGAGAGCUUUCUAGAUG,....((((((((.....))))))))((((((.......((((((((.........)))))).........))..............))))))........,....((((((((.....))))))))(((((((((....((((((((((.(((....))).))))..)))))).)))..........))))))........,0.11,0.71,0.838,"[(-46, -56, 190), (-41, -61, 240), (34, 74, 340)]"
CGUAGGUCUUGAGACCUGCAGACGUGCGGUAGAAGUUCUUAACGCGUGGAGAAAAUCGUAUCGAUGCAAGAGCUCACUAGUGGGUGAUACGGUGCACUAA,.(((((((....)))))))....((.((..............))..........((((((((.((.((..((....))..)).))))))))))..))...,.(((((((....)))))))....((((((((..(((((((...((((.((((...))...)).)))))))))))((((....)))).)))..)))))...,0.71,0.66,0.538,"[(26, 95, -290), (-55, -93, 190), (-27, -44, 200)]"
CGUAGGUCUUGAGACCUGCAGACGUGCGGUAGAAGUUCUUAACGCGUGGAGAAAAUCGUAUCGAUGCAAGAGCUCACUAGUGGGUGAUACGGUGCACUAA,.(((((((....)))))))....(((((................(((.((..........)).))).(..((....))..)...........)))))...,.(((((((....)))))))....((((((((..(((((((...((((.((((...))...)).)))))))))))((((....)))).)))..)))))...,0.0,0.6,0.517,"[(44, 67, -380), (-68, -81, -160), (29, 90, 250)]"
CGUAGGUCUUGAGACCUGCAGACGUGCGGUAGAAGUUCUUAACGCGUGGAGAAAAUCGUAUCGAUGCAAGAGCUCACUAGUGGGUGAUACGGUGCACUAA,.(((((((....)))))))....(((((...............((((.((..........)).)))).........................)))))...,.(((((((....)))))))....((((((((..(((((((...((((.((((...))...)).)))))))))))((((....)))).)))..)))))...,0.0,0.69,0.825,"[(77, 84, 139), (75, 86, 159), (78, 83, 259)]"
GACUGCCUCAAUUUCCACUUCGCCACAAUGUGAGGUCUCAUUCAACUGCCGCUCAUAAUGGUCGGUCAAUGAGGUCCAUCCGGUCCCUCCAGCCUGGCUA,.....................((((...........((((((..((((((.........)).)))).))))))........((.....))....))))..,.....................((((...((.((((.((...(((...((((((......)).))))...)))((.....)))).)).))))...))))..,0.19,0.69,0.812,"[(-42, -68, 120), (-45, -66, 180), (74, 80, 220)]"
GACUGCCUCAAUUUCCACUUCGCCACAAUGUGAGGUCUCAUUCAACUGCCGCUCAUAAUGGUCGGUCAAUGAGGUCCAUCCGGUCCCUCCAGCCUGGCUA,.....................((((...((..((..((((((..((((((.........)).)))).))))))............).).))...))))..,.....................((((...((.((((.((...(((...((((((......)).))))...)))((.....)))).)).))))...))))..,0.0,0.64,0.398,"[(32, 89, -490), (35, 85, -350), (74, 80, 80)]"
GACUGCCUCAAUUUCCACUUCGCCACAAUGUGAGGUCUCAUUCAACUGCCGCUCAUAAUGGUCGGUCAAUGAGGUCCAUCCGGUCCCUCCAGCCUGGCUA,.....................((((...((.((((.((((((..(((................))).))))))...........)).))))...))))..,.....................((((...((.((((.((...(((...((((((......)).))))...)))((.....)))).)).))))...))))..,0.15,0.67,0.836,"[(-42, -68, 120), (-47, -64, 150), (52, 61, 170)]"
GAGUCGCUACCUGAUGGGGAGUUAUCACCCUAUGUAGCAUUACCUGGUAUUUGCGGCGGCAUCCAAUCUGAUAAGACCAUGUUGGCGUUUCCUGAUGCGG,.....(((((...((((((........)))))))))))...................((...))....................(((((....)))))..,.....(((((...((((((........)))))))))))........(((((.(((.((((((....(((....)))..)))))).))).....)))))..,0.09,0.7,0.843,"[(-89, -94, 180), (-59, -63, 210), (68, 75, 290)]"
GAGUCGCUACCUGAUGGGGAGUUAUCACCCUAUGUAGCAUUACCUGGUAUUUGCGGCGGCAUCCAAUCUGAUAAGACCAUGUUGGCGUUUCCUGAUGCGG,.....(((((...((((((........)))))))))))..................((.(((....(((....)))..))).))(((((....)))))..,.....(((((...((((((........)))))))))))........(((((.(((.((((((....(((....)))..)))))).))).....)))))..,0.0,0.63,0.46,"[(59, 82, -420), (-89, -94, 180), (-85, -98, 390)]"
GAGUCGCUACCUGAUGGGGAGUUAUCACCCUAUGUAGCAUUACCUGGUAUUUGCGGCGGCAUCCAAUCUGAUAAGACCAUGUUGGCGUUUCCUGAUGCGG,.....(((((...((((((........)))))))))))..................((((((....(((....)))..))))))(((((....)))))..,.....(((((...((((((........)))))))))))........(((((.(((.((((((....(((....)))..)))))).))).....)))))..,0.2,0.7,0.843,"[(-89, -94, 180), (-85, -98, 390), (-87, -96, 400)]"
GGGCUUUGGAGAAUAAUUGGGCAUCAACCAAGCUCCGUAGUAGACCUCCAGAGACCGCCGUCUGGUGGCAAAAGACAUAGCAUUUUUCCGGGCAUAGGUU,.((((((((((....(((((((.........))))...)))....)))))))).))(((..(...(((.((((.........)))).)))).....))).,.((((((((((.....((((.......))))..............)))))))).))...((((((......................)))))).......,0.0,0.66,0.765,"[(61, 92, 10), (60, 93, 80), (-70, -86, 120)]"
GGGCUUUGGAGAAUAAUUGGGCAUCAACCAAGCUCCGUAGUAGACCUCCAGAGACCGCCGUCUGGUGGCAAAAGACAUAGCAUUUUUCCGGGCAUAGGUU,.((((((((((....(((((((.........))))...)))....)))))))).))(((((((((....((.(.........).)).))))))...))).,.((((((((((.....((((.......))))..............)))))))).))...((((((......................)))))).......,0.0,0.65,0.708,"[(-73, -83, -80), (-70, -86, 40), (-71, -85, 120)]"
GGGCUUUGGAGAAUAAUUGGGCAUCAACCAAGCUCCGUAGUAGACCUCCAGAGACCGCCGUCUGGUGGCAAAAGACAUAGCAUUUUUCCGGGCAUAGGUU,.((((((((((....((...((.........))......))....)))))))).))(((((((((......................))))))...))).,.((((((((((.....((((.......))))..............)))))))).))...((((((......................)))))).......,0.14,0.67,0.858,"[(-57, -99, 150), (-16, -41, 160), (-17, -40, 160)]"
ACCUCUGUGUAGAGAGCCCGGUAAUGUCCCAUCGGUGCUUUGCUGGCAGAGAUUAACCAGUGGCGUGACGGCGCAGCCGCGGGAUCGGAUCAUAGGGUAU,(((.(((((...((((((((((........))))).)))))(((((..........)))))(((((....)))...))............))))))))..,..((((((....((((((((((........))))).)))))....)))))).....((.(((((.((......))))))).)).................,0.25,0.71,0.796,"[(-1, -98, 130), (-42, -61, 170), (-66, -71, 230)]"
ACCUCUGUGUAGAGAGCCCGGUAAUGUCCCAUCGGUGCUUUGCUGGCAGAGAUUAACCAGUGGCGUGACGGCGCAGCCGCGGGAUCGGAUCAUAGGGUAU,(((.(((((...((((((((((........))))).)))))(((((..........)))))(((((....))...)))............))))))))..,..((((((....((((((((((........))))).)))))....)))))).....((.(((((.((......))))))).)).................,0.07,0.71,0.796,"[(-1, -98, 130), (-42, -61, 170), (-66, -71, 230)]"
ACCUCUGUGUAGAGAGCCCGGUAAUGUCCCAUCGGUGCUUUGCUGGCAGAGAUUAACCAGUGGCGUGACGGCGCAGCCGCGGGAUCGGAUCAUAGGGUAU,(((.((((....((((((((((........))))).)))))...............((.(((((...........))))).))........)))))))..,..((((((....((((((((((........))))).)))))....)))))).....((.(((((.((......))))))).)).................,0.0,0.67,0.813,"[(67, 74, 90), (-1, -98, 130), (-8, -92, 160)]"
UAUUAUACCGUGCCUCCCUCAUAAGCGUUAAGUAGCCUCAGCAGAGUCUGGAGGGAAACAUCAAGAGCCCCCAAUUGUUGCUAGGUGUGUUGUACCCGAA,...((((((..((...........((.....)).(............).((.(((............))))).......))..))))))...........,.........((((...........((.....)).((((.(((((....(((.(((............))))))....))))))))).....)))).....,0.0,0.64,0.445,"[(-35, -48, -430), (49, 73, -110), (-4, -89, 80)]"
UAUUAUACCGUGCCUCCCUCAUAAGCGUUAAGUAGCCUCAGCAGAGUCUGGAGGGAAACAUCAAGAGCCCCCAAUUGUUGCUAGGUGUGUUGUACCCGAA,...((((((..((...........((.....))...............(((.(((............))))))......))..))))))...........,.........((((...........((.....)).((((.(((((....(((.(((............))))))....))))))))).....)))).....,0.2,0.7,0.771,"[(-4, -89, 80), (-13, -80, 310), (44, 78, 320)]"
UAUUAUACCGUGCCUCCCUCAUAAGCGUUAAGUAGCCUCAGCAGAGUCUGGAGGGAAACAUCAAGAGCCCCCAAUUGUUGCUAGGUGUGUUGUACCCGAA,...((((((..(............((.....)).........((....(((.(((............))))))....)).)..))))))...........,.........((((...........((.....)).((((.(((((....(((.(((............))))))....))))))))).....)))).....,0.0,0.64,0.555,"[(42, 80, -290), (-12, -81, 20), (-4, -89, 80)]"
ACAAUCGAUCGACACAGUCUUGUGUUUCAGGCAUUGCAUUGUUUUAGAUACGGUCUCGCAUCAGUGAAUCCCACUCGCACUCCAUAGCCCGGCGGACGCA,...(((((((...(((((...((((.....))))...)))))....))).)))).((((....))))...((.((.((........))..)).)).....,......((..((((((....))))))))(((((......)))))........(((.(((...((((.....)))).((........))...))))))...,0.0,0.68,0.838,"[(-56, -67, 140), (-4, -54, 150), (-18, -38, 170)]"
ACAAUCGAUCGACACAGUCUUGUGUUUCAGGCAUUGCAUUGUUUUAGAUACGGUCUCGCAUCAGUGAAUCCCACUCGCACUCCAUAGCCCGGCGGACGCA,...(((((((...((((....((((.....))))....))))....))).)))).((((....))))...((.((.((........))..)).)).....,......((..((((((....))))))))(((((......)))))........(((.(((...((((.....)))).((........))...))))))...,0.39,0.68,0.794,"[(-17, -39, 80), (-56, -67, 140), (-4, -54, 150)]"
ACAAUCGAUCGACACAGUCUUGUGUUUCAGGCAUUGCAUUGUUUUAGAUACGGUCUCGCAUCAGUGAAUCCCACUCGCACUCCAUAGCCCGGCGGACGCA,...(((((((((((((....))))))....................))).)))).................(....((........)).....)......,......((..((((((....))))))))(((((......)))))........(((.(((...((((.....)))).((........))...))))))...,0.0,0.67,0.552,"[(-72, -94, -260), (-4, -54, 150), (32, 41, 180)]"
AAAGGCAACUGUCGUUAGACGCUAGUCUUGCUUGAGAUGUGGGUUGAGGCAGUUUAUUGGUUGGUACGAUAUGUCGGCGAUUUAUAGUGUUCGGGUGUUA,...........((....))(((((...((((.(((.((((.(..(.((.((......)).)).)..).)))).)))))))....)))))...........,.(((((...((((....))))...)))))(((((((.(((((((((.((((...(((((.......)))))))))..)))))))))...)))))))....,0.77,0.68,0.824,"[(-51, -58, 120), (-45, -64, 130), (-28, -80, 160)]"
AAAGGCAACUGUCGUUAGACGCUAGUCUUGCUUGAGAUGUGGGUUGAGGCAGUUUAUUGGUUGGUACGAUAUGUCGGCGAUUUAUAGUGUUCGGGUGUUA,.........((((....))))((....((((.(((.((((.(..(.((.((......)).)).)..).)))).))))))).....)).............,.(((((...((((....))))...)))))(((((((.(((((((((.((((...(((((.......)))))))))..)))))))))...)))))))....,0.79,0.66,0.848,"[(-51, -58, 120), (-45, -64, 130), (-28, -80, 150)]"
AAAGGCAACUGUCGUUAGACGCUAGUCUUGCUUGAGAUGUGGGUUGAGGCAGUUUAUUGGUUGGUACGAUAUGUCGGCGAUUUAUAGUGUUCGGGUGUUA,.(((((...((((....))))...)))))((.(((.(.................(((((.......)))))).)))))......................,.(((((...((((....))))...)))))(((((((.(((((((((.((((...(((((.......)))))))))..)))))))))...)))))))....,0.0,0.67,0.769,"[(-37, -72, 30), (-33, -76, 200), (-35, -74, 340)]"
